code,city,state,lat,lng
690140,EL TORO MCAS,CA,33.667,-117.733
690150,TWENTYNINE PALMS,CA,34.3,-116.167
690160,TUSTIN MCAF,CA,33.7,-117.833
690190,ABILENE DYESS AFB,TX,32.433,-99.85
690230,WHIDBEY ISLAND NAS,WA,48.35,-122.667
699604,YUMA MCAS,AZ,32.65,-114.617
700197,SELAWIK,AK,66.6,-160
700260,BARROW W POST-W ROGERS ARPT [NSA - ARM],AK,71.32,-156.62
700300,WAINWRIGHT LIZ 3,AK,70.617,-159.85
700634,KUPARUK AIRPORT,AK,70.317,-149.583
700636,PRUDHOE BAY,AK,70.25,-148.333
700637,DEADHORSE,AK,70.2,-148.483
700860,BARTER IS WSO AP,AK,70.133,-143.633
701043,POINT HOPE (AWOS),AK,68.35,-166.8
701195,SHISHMAREF (AWOS),AK,66.267,-166.05
701210,POINT LAY (DEW),AK,69.817,-162.917
701213,POINT LAY LIZ 2,AK,69.733,-163.017
701330,KOTZEBUE RALPH WEIN MEMORIAL,AK,66.883,-162.6
701333,DEERING,AK,66.083,-162.75
701335,NOATAK,AK,67.55,-162.983
701486,NIVALINA,AK,67.733,-164.55
701625,ANAKTUVUK PASS,AK,68.133,-151.733
701718,AMBLER,AK,67.1,-157.85
701740,BETTLES FIELD,AK,66.917,-151.517
701745,CHANDALAR LAKE,AK,67.5,-148.483
701780,TANANA RALPH M CALHOUN MEM AP,AK,65.167,-152.1
701940,FORT YUKON,AK,66.567,-145.267
701945,ARCTIC VILLAGE,AK,68.117,-145.567
701975,EAGLE,AK,64.783,-141.167
701995,GOLOVIN,AK,64.55,-163.05
702000,NOME MUNICIPAL ARPT,AK,64.517,-165.45
702005,SAINT MARY`S (AWOS),AK,62.067,-163.3
702006,KALTAG,AK,64.316,-158.733
702035,SAVOONGA,AK,63.683,-170.5
702040,GAMBELL,AK,63.783,-171.75
702070,UNALAKLEET FIELD,AK,63.883,-160.8
702075,ANVIK,AK,62.65,-160.183
702084,EMMONAK,AK,62.783,-164.5
702185,MEKORYUK,AK,60.367,-166.267
702186,HOOPER BAY,AK,61.517,-166.15
702190,BETHEL AIRPORT,AK,60.783,-161.833
702223,KOYUK,AK,64.933,-161.15
702225,HUSLIA,AK,65.7,-156.383
702310,MCGRATH ARPT,AK,62.95,-155.6
702312,FAREWELL FAA AP,AK,62.517,-153.883
702320,ANIAK AIRPORT,AK,61.583,-159.533
702325,WASILLA,AK,61.567,-149.45
702460,MINCHUMINA,AK,63.883,-152.283
702490,PUNTILLA,AK,62.1,-152.75
702495,HAYES RIVER,AK,61.983,-152.083
702510,TALKEETNA STATE ARPT,AK,62.317,-150.1
702590,KENAI MUNICIPAL AP,AK,60.583,-151.233
702595,SOLDOTNA,AK,60.467,-151.033
702600,NENANA MUNICIPAL AP,AK,64.55,-149.1
702606,CHULITNA,AK,62.883,-149.833
702607,HOONAH,AK,58.083,-135.45
702610,FAIRBANKS INTL ARPT,AK,64.817,-147.85
702615,WAINWRIGHT AAF,AK,64.833,-147.617
702645,MCKINLEY PARK,AK,63.733,-148.917
702647,HEALY RIVER AIRPORT,AK,63.883,-149.017
702648,CANTWELL,AK,63.4,-148.95
702650,FAIRBANKS/EIELSON A,AK,64.65,-147.1
702670,BIG DELTA ALLEN AAF,AK,64,-145.717
702675,PAXSON,AK,63.033,-145.5
702695,SUTTON,AK,61.717,-148.883
702700,FT. RICHARDSON/BRYA,AK,61.267,-149.65
702710,GULKANA INTERMEDIATE FIELD,AK,62.15,-145.45
702711,SHEEP MTN,AK,61.817,-158.383
702715,EUREKA,AK,61.933,-147.167
702716,TAHNETA PASS,AK,61.817,-147.55
702720,ANCHORAGE/ELMENDORF,AK,61.25,-149.8
702725,LAKE HOOD SEAPLANE,AK,61.183,-149.967
702730,ANCHORAGE INTL AP,AK,61.183,-150
702735,ANCHORAGE MERRILL FIELD,AK,61.217,-149.85
702740,PALMER MUNICIPAL,AK,61.6,-149.083
702746,BIRCHWOOD,AK,61.417,-149.517
702750,VALDEZ WSO,AK,61.133,-146.35
702755,MCCARTHY,AK,61.433,-142.933
702756,VALDEZ PIONEER FIEL,AK,61.133,-146.267
702757,WHITTIER,AK,60.767,-148.683
702770,SEWARD,AK,60.117,-149.45
702910,NORTHWAY AIRPORT,AK,62.967,-141.933
702913,NABESNA/DEVIL MTN,AK,62.4,-143
702915,SLANA AIRPORT,AK,62.7,-143.983
702960,CORDOVA,AK,60.5,-145.5
702986,BIG RIVER LAKE,AK,60.817,-152.3
703080,ST PAUL ISLAND ARPT,AK,57.167,-170.217
703160,COLD BAY ARPT,AK,55.2,-162.717
703165,SAND POINT,AK,55.317,-160.517
703210,DILLINGHAM (AMOS),AK,59.05,-158.517
703260,KING SALMON ARPT,AK,58.683,-156.65
703263,KING SALMON,AK,58.683,-156.683
703330,PORT HEIDEN,AK,56.95,-158.617
703333,CHIGNIK,AK,56.2,-158.233
703334,EGEGIK(AWOS),AK,58.417,-157.367
703400,ILIAMNA ARPT,AK,59.75,-154.917
703406,PORT ALSWORTH,AK,60.2,-154.317
703407,SLEETMUTE,AK,61.717,-157.15
703410,HOMER ARPT,AK,59.65,-151.483
703430,MIDDLETON ISLAND AUT,AK,59.467,-146.317
703500,KODIAK AIRPORT,AK,57.75,-152.5
703604,HOMER,AK,59.633,-151.483
703606,TOGIAC VILLAGE AWOS,AK,59.05,-160.4
703610,YAKUTAT STATE ARPT,AK,59.517,-139.633
703620,SKAGWAY AIRPORT,AK,59.467,-135.3
703621,SELDOVIA ARPT,AK,59.45,-151.7
703625,HAINES BOAT HARBOR,AK,59.233,-135.433
703626,HAINES,AK,59.233,-135.433
703644,NUIQSUT,AK,70.217,-150.983
703670,GUSTAVUS,AK,58.417,-135.7
703710,SITKA JAPONSKI AP,AK,57.05,-135.367
703810,JUNEAU INT'L ARPT,AK,58.35,-134.583
703816,FUNTER BAY SEAPLANE,AK,58.25,-134.9
703817,ELFIN COVE SEAPLANE,AK,58.2,-136.35
703835,ST GEORGE ISLAND,AK,56.35,-169.4
703855,KAKE SEAPLANE BASE,AK,56.967,-133.95
703860,PETERSBURG,AK,56.8,-132.95
703870,WRANGELL,AK,56.483,-132.367
703884,HYDABURG SEAPLANE,AK,55.2,-132.833
703886,PORT ALEXANDER,AK,56.25,-134.65
703894,KLAWOCK,AK,55.583,-133.083
703950,KETCHIKAN INTL AP,AK,55.367,-131.717
703980,ANNETTE ISLAND AP,AK,55.05,-131.567
703985,METLA KATLA,AK,55.133,-131.583
704140,SHEMYA AFB,AK,52.717,174.117
704540,ADAK NAS,AK,51.883,-176.65
704890,DUTCH HARBOR,AK,53.9,-166.55
722010,KEY WEST INTL ARPT,FL,24.55,-81.75
722011,ORLANDO/KISSIMMEE,FL,28.283,-81.433
722014,BROOKSVILLE,FL,28.467,-82.45
722015,KEY WEST NAS,FL,24.583,-81.683
722016,MARATHON AIRPORT,FL,24.733,-81.05
722020,MIAMI INTL AP,FL,25.817,-80.3
722021,TAMPA/VANDENBURG,FL,28.017,-82.35
722022,BOCA RATON,FL,26.367,-80.1
722024,MIAMI/OPA LOCKA,FL,25.9,-80.283
722025,FORT LAUDERDALE HOLLYWOOD INT,FL,26.067,-80.15
722026,HOMESTEAD AFB,FL,25.483,-80.383
722029,MIAMI/KENDALL-TAMIA,FL,25.65,-80.433
722030,WEST PALM BEACH INTL ARPT,FL,26.683,-80.1
722034,PUNTA GORDA,FL,26.917,-82
722038,NAPLES MUNICIPAL,FL,26.15,-81.767
722039,FORT LAUDERDALE,FL,26.2,-80.167
722040,MELBOURNE REGIONAL AP,FL,28.117,-80.65
722045,VERO BEACH MUNICIPAL ARPT,FL,27.65,-80.417
722046,SPACE COAST RGNL [FSEC],FL,28.39,-80.76
722049,POMPANO BEACH,FL,26.233,-80.1
722050,ORLANDO INTL ARPT,FL,28.433,-81.333
722053,ORLANDO EXECUTIVE AP,FL,28.55,-81.333
722055,OCALA MUNI (AWOS),FL,29.167,-82.217
722056,DAYTONA BEACH INTL AP,FL,29.183,-81.067
722057,ORLANDO SANFORD AIRPORT,FL,28.783,-81.25
722060,JACKSONVILLE INTL ARPT,FL,30.5,-81.7
722065,JACKSONVILLE NAS,FL,30.233,-81.667
722066,MAYPORT NS,FL,30.4,-81.417
722067,JACKSONVILLE CECIL FLD NAS,FL,30.217,-81.883
722068,JACKSONVILLE/CRAIG,FL,30.333,-81.517
722069,DESTIN FT. WALTON,FL,30.4,-86.467
722070,SAVANNAH INTL AP,GA,32.117,-81.2
722079,LEXINGTON/DAVIDSON,NC,35.783,-80.3
722080,CHARLESTON INTL ARPT,SC,32.9,-80.033
722085,BEAUFORT MCAS,SC,32.483,-80.717
722090,FT STEWART/WRIGHT,GA,31.883,-81.567
722103,ST LUCIE CO INTL,FL,27.483,-80.367
722104,ST PETERSBURG ALBERT WHITTED,FL,27.767,-82.633
722106,FORT MYERS PAGE FIELD,FL,26.583,-81.867
722108,SOUTHWEST FLORIDA I,FL,26.533,-81.75
722110,TAMPA INTERNATIONAL AP,FL,27.967,-82.533
722115,SARASOTA BRADENTON,FL,27.383,-82.55
722116,ST PETERSBURG CLEAR,FL,27.9,-82.683
722119,LAKELAND LINDER RGN,FL,27.983,-82.017
722123,BARTOW MUNICIPAL,FL,27.95,-81.783
722130,WAYCROSS WARE CO AP,GA,31.25,-82.4
722134,VIDALIA MUNI ARPT,GA,32.183,-82.367
722135,ALMA BACON COUNTY AP,GA,31.533,-82.5
722136,BRUNSWICK GOLDEN IS,GA,31.25,-81.467
722137,BRUNSWICK MALCOLM MCKINNON AP,GA,31.15,-81.383
722140,TALLAHASSEE REGIONAL AP [ISIS],FL,30.38,-84.37
722146,GAINESVILLE REGIONAL AP,FL,29.7,-82.283
722154,DALTON,GA,34.717,-84.867
722156,CARTERSVILLE AIRPRT,GA,34.117,-84.533
722160,ALBANY DOUGHERTY COUNTY AP,GA,31.533,-84.183
722166,VALDOSTA WB AIRPORT,GA,30.783,-83.283
722170,MACON MIDDLE GA REGIONAL AP,GA,32.683,-83.65
722175,WARNER ROBINS AFB,GA,32.633,-83.6
722176,NEWNAN,GA,33.317,-84.767
722180,AUGUSTA BUSH FIELD,GA,33.367,-81.967
722185,GAINESVILLE\LEE GIL,GA,34.267,-83.833
722190,ATLANTA HARTSFIELD INTL AP,GA,33.633,-84.433
722195,FULTON CO ARPT BROW,GA,33.767,-84.517
722196,DEKALB PEACHTREE,GA,33.867,-84.3
722197,ATLANTA (NEXRAD),GA,33.367,-84.55
722200,APALACHICOLA MUNI AP,FL,29.733,-85.033
722210,VALPARAISO ELGIN AFB,FL,30.483,-86.517
722213,LEESBURG MUNI ARPT,FL,28.817,-81.8
722215,CRESTVIEW BOB SIKES AP,FL,30.783,-86.517
722223,PENSACOLA REGIONAL AP,FL,30.483,-87.183
722225,PENSACOLA FOREST SHERMAN NAS,FL,30.35,-87.317
722226,WHITING FIELD NAAS,FL,30.717,-87.017
722230,MOBILE REGIONAL AP,AL,30.683,-88.25
722235,MOBILE DOWNTOWN AP,AL,30.633,-88.067
722245,PANAMA CITY BAY CO,FL,30.2,-85.683
722246,DUKE FIELD AAFB,FL,30.65,-86.533
722250,FORT BENNING LAWSON,GA,32.35,-85
722255,COLUMBUS METROPOLITAN ARPT,GA,32.517,-84.95
722260,MONTGOMERY DANNELLY FIELD,AL,32.3,-86.4
722265,MAXWELL AFB,AL,32.383,-86.35
722267,TROY AF,AL,31.867,-86.017
722268,DOTHAN MUNICIPAL AP,AL,31.233,-85.433
722269,CAIRNS FIELD FORT RUCKER,AL,31.267,-85.717
722270,MARIETTA DOBBINS AFB,GA,33.917,-84.517
722279,DECATUR,AL,34.65,-86.95
722280,BIRMINGHAM MUNICIPAL AP,AL,33.567,-86.75
722284,AUBURN-OPELIKA APT,AL,32.616,-85.433
722285,GADSEN MUNI (AWOS),AL,33.967,-86.083
722286,TUSCALOOSA MUNICIPAL AP,AL,33.217,-87.617
722287,ANNISTON METROPOLITAN AP,AL,33.583,-85.85
722290,CENTREVILLE WSMO,AL,32.9,-87.25
722300,SHELBY CO ARPT,AL,33.167,-86.767
722310,NEW ORLEANS INTL ARPT,LA,30,-90.25
722312,HAMMOND,LA,30.517,-90.417
722314,NEW IBERIA NAAS,LA,30.033,-91.883
722315,NEW ORLEANS LAKEFRONT AP,LA,30.05,-90.033
722316,NEW ORLEANS ALVIN CALLENDER F,LA,29.817,-90.017
722317,BATON ROUGE RYAN ARPT,LA,30.533,-91.15
722319,NATCHITOCHES,LA,31.733,-93.1
722329,PATTERSON MEMORIAL,LA,29.717,-91.333
722340,MERIDIAN KEY FIELD,MS,32.333,-88.75
722345,MERIDIAN NAAS,MS,32.55,-88.567
722347,HATTIESBURG MUNI,MS,31.267,-89.25
722348,HATTIESBURG LAUREL,MS,31.467,-89.333
722350,JACKSON INTERNATIONAL AP,MS,32.317,-90.083
722354,HAWKINS FIELD,MS,32.213,-90.217
722356,GREENVILLE MUNICIPAL,MS,33.483,-90.983
722357,NATCHEZ/HARDY(AWOS),MS,31.617,-91.3
722358,MCCOMB PIKE COUNTY AP,MS,31.233,-90.467
722359,GREENWOOD LEFLORE ARPT,MS,33.5,-90.083
722366,SLIDELL,LA,30.35,-89.817
722390,FORT POLK AAF,LA,31.05,-93.183
722400,LAKE CHARLES REGIONAL ARPT,LA,30.117,-93.233
722404,LAKE CHARLES WB AIRP,LA,30.217,-93.167
722405,LAFAYETTE REGIONAL AP,LA,30.2,-91.983
722406,HOUMA-TERREBONNE,LA,29.567,-90.667
722410,PORT ARTHUR JEFFERSON COUNTY,TX,29.95,-94.017
722416,NEW BRAUNFELS,TX,29.717,-98.05
722420,GALVESTON/SCHOLES,TX,29.3,-94.8
722427,HOUSTON/CLOVER FLD,TX,29.517,-95.233
722429,HOUSTON/D.W. HOOKS,TX,30.067,-95.55
722430,HOUSTON BUSH INTERCONTINENTAL,TX,30,-95.367
722435,HOUSTON WILLIAM P HOBBY AP,TX,29.65,-95.283
722436,HOUSTON ELLINGTON AFB [CLEAR LAKE - UT],TX,29.57,-95.09
722444,MONTGOMERY CO,TX,30.35,-95.417
722445,COLLEGE STATION EASTERWOOD FL,TX,30.583,-96.367
722446,LUFKIN ANGELINA CO,TX,31.233,-94.75
722447,LONGVIEW GREGG COUNTY AP,TX,32.383,-94.717
722448,TYLER/POUNDS FLD,TX,32.35,-95.4
722469,CORSICANA,TX,32.033,-96.4
722470,LONGVIEW GREGG COUNTY AP [OVERTON - UT],TX,32.29,-94.98
722479,ARLINGTON,TX,32.667,-97.1
722480,SHREVEPORT REGIONAL ARPT,LA,32.45,-93.817
722484,SHREVEPORT DOWNTOWN,LA,32.533,-93.75
722485,BARKSDALE AFB,LA,32.5,-93.667
722486,MONROE REGIONAL AP,LA,32.517,-92.033
722487,ALEXANDRIA ESLER REGIONAL AP,LA,31.4,-92.3
722488,VICKSBURG\TALLULAH,LA,32.25,-91.033
722489,TERRELL,TX,32.717,-96.267
722499,NACOGDOCHES (AWOS),TX,31.583,-94.717
722500,BROWNSVILLE S PADRE ISL INTL,TX,25.9,-97.433
722505,HARLINGEN RIO GRANDE VALLEY I,TX,26.233,-97.65
722506,MCALLEN MILLER INTL AP [EDINBURG - UT],TX,26.31,-98.17
722508,PORT ISABEL/CAMERON,TX,26.15,-97.213
722510,CORPUS CHRISTI INTL ARPT [UT],TX,27.88,-97.63
722515,CORPUS CHRISTI NAS,TX,27.683,-97.283
722516,KINGSVILLE,TX,27.5,-97.817
722517,ALICE INTL AP,TX,27.733,-98.033
722520,LAREDO INTL AP [UT],TX,27.57,-99.49
722523,SAN ANTONIO/STINSON,TX,29.333,-98.467
722524,ROCKPORT/ARANSAS CO,TX,28.083,-97.05
722526,COTULLA FAA AP,TX,28.45,-99.217
722527,ANGLETON/LAKE JACKS,TX,29.117,-95.467
722530,SAN ANTONIO INTL AP,TX,29.533,-98.467
722533,HONDO MUNICIPAL AP,TX,29.367,-99.167
722535,SAN ANTONIO KELLY FIELD AFB,TX,29.383,-98.583
722536,RANDOLPH AFB,TX,29.533,-98.283
722537,KERRVILLE MUNICIPAL,TX,29.983,-99.083
722539,SAN MARCOS MUNI,TX,29.883,-97.867
722540,AUSTIN MUELLER MUNICIPAL AP [UT],TX,30.29,-97.74
722544,CAMP MABRY,TX,30.317,-97.767
722545,BERGSTROM AFB/AUSTI,TX,30.2,-97.683
722546,SAN MARCOS GARY AFB,TX,29.883,-97.867
722547,GEORGETOWN (AWOS),TX,30.683,-97.683
722550,VICTORIA REGIONAL AP,TX,28.867,-96.933
722552,GAINESVILLE,TX,33.65,-97.2
722553,BRENHAM,TX,30.217,-96.367
722554,LAGRANGE,TX,29.9,-96.95
722555,PALACIOS MUNICIPAL AP,TX,28.717,-96.25
722560,WACO REGIONAL AP,TX,31.617,-97.233
722563,MC GREGOR (AWOS),TX,31.483,-97.317
722570,FORT HOOD,TX,31.133,-97.717
722575,KILLEEN MUNI (AWOS),TX,31.083,-97.683
722576,ROBERT GRAY AAF,TX,31.067,-97.833
722577,DRAUGHON MILLER CEN,TX,31.15,-97.4
722583,DALLAS LOVE FIELD,TX,32.85,-96.85
722585,DALLAS HENSLEY FIELD NAS,TX,32.733,-96.967
722587,COX FLD,TX,33.633,-95.45
722588,GREENVILLE/MAJORS,TX,33.067,-96.067
722589,DENTON (ASOS),TX,33.2,-97.183
722590,DALLAS-FORT WORTH INTL AP,TX,32.9,-97.017
722593,DFW NEXRAD,TX,32.567,-97.3
722594,FORT WORTH ALLIANCE,TX,32.983,-97.317
722595,FORT WORTH NAS,TX,32.767,-97.45
722596,FORT WORTH MEACHAM,TX,32.817,-97.367
722597,MINERAL WELLS MUNICIPAL AP,TX,32.783,-98.067
722598,DALLAS/ADDISON ARPT,TX,32.967,-96.833
722599,DALLAS/REDBIRD ARPT,TX,32.683,-96.867
722600,STEPHENVILLE CLARK FIELD,TX,32.217,-98.183
722610,DEL RIO [UT],TX,29.38,-100.91
722615,DEL RIO LAUGHLIN AFB,TX,29.367,-100.783
722618,FORT STOCKTON PECOS,TX,30.917,-102.9
722620,PINE SPRINGS GUADALUPE MOUNTA,TX,31.833,-104.817
722630,SAN ANGELO MATHIS FIELD,TX,31.35,-100.5
722636,DALHART MUNICIPAL AP,TX,36.017,-102.55
722640,MARFA AP,TX,30.367,-104.017
722648,ODESSA-SCHLEMEYER F,TX,31.917,-102.383
722650,MIDLAND INTERNATIONAL AP,TX,31.95,-102.183
722656,WINK WINKLER COUNTY AP,TX,31.783,-103.2
722660,ABILENE REGIONAL AP [UT],TX,32.47,-99.71
722666,BROWNWOOD MUNICIPAL,TX,31.8,-98.95
722670,LUBBOCK INTERNATIONAL AP,TX,33.667,-101.817
722673,SHERMAN-DENISON,TX,33.717,-96.667
722675,REESE AFB,TX,33.6,-102.05
722676,ARTESIA,NM,32.85,-104.467
722677,CLINES CORNER,NM,35,-105.667
722678,RATON,NM,36.75,-104.65
722680,ROSWELL INDUSTRIAL AIR PARK,NM,33.3,-104.533
722683,SIERRA BLANCA RGNL,NM,33.467,-105.533
722686,CLOVIS CANNON AFB,NM,34.383,-103.317
722687,CARLSBAD CAVERN CITY AIR TERM,NM,32.333,-104.267
722689,CLOVIS MUNI  (AWOS),NM,34.433,-103.083
722690,WHITE SANDS TEST RG,NM,32.383,-106.483
722693,ALAMOGORDO WHITE SA,NM,32.833,-105.983
722695,LAS CRUCES INTL,NM,32.283,-106.917
722700,EL PASO INTERNATIONAL AP [UT],TX,31.77,-106.5
722710,TRUTH OR CONSEQUENCES MUNI AP,NM,33.233,-107.267
722720,SILVER CITY GRANT CO,NM,32.633,-108.167
722725,DEMING MUNI,NM,32.25,-107.717
722728,NOGALES INTL,AZ,31.417,-110.85
722730,FORT HUACHUCA,AZ,31.567,-110.333
722735,DOUGLAS BISBEE-DOUGLAS INTL A,AZ,31.467,-109.6
722740,TUCSON INTERNATIONAL AP,AZ,32.133,-110.95
722745,DAVIS MONTHAN AFB,AZ,32.167,-110.883
722747,SAFFORD (AMOS),AZ,32.817,-109.683
722748,CASA GRANDA (AWOS),AZ,32.95,-111.767
722764,WINDOW ROCK,AZ,35.65,-109.067
722780,PHOENIX SKY HARBOR INTL AP,AZ,33.45,-111.983
722783,MESA/FALCON FIELD,AZ,33.467,-111.733
722784,DEER VALLEY/PHOENIX,AZ,33.683,-112.083
722785,LUKE AFB,AZ,33.55,-112.367
722786,CHANDLER WILLIAMS AFB,AZ,33.3,-111.667
722787,GLENDALE,AZ,33.533,-112.3
722788,GOODYEAR MUNICIPAL,AZ,33.417,-112.383
722789,SCOTTSDALE MUNI,AZ,33.617,-111.917
722800,YUMA INTL ARPT,AZ,32.667,-114.6
722810,NAF,CA,32.817,-115.683
722860,MARCH AFB,CA,33.9,-117.25
722865,ONTARIO,CA,34.067,-117.65
722866,NORTON AFB/SAN BERN,CA,34.1,-117.233
722867,BEAUMONT 1 E,CA,33.933,-116.967
722868,PALM SPRINGS INTL,CA,33.833,-116.5
722869,RIVERSIDE MUNI,CA,33.95,-117.45
722874,LOS ANGELES DOWNTOWN USC CAMP,CA,34.05,-118.233
722880,BURBANK-GLENDALE-PASSADENA AP,CA,34.2,-118.35
722885,SANTA MONICA MUNI,CA,34.017,-118.45
722886,VAN NUYS AIRPORT,CA,34.217,-118.483
722895,LOMPOC (AWOS),CA,34.667,-120.467
722897,SAN LUIS CO RGNL,CA,35.233,-120.633
722899,CHINO AIRPORT,CA,33.967,-117.633
722900,SAN DIEGO LINDBERGH FIELD,CA,32.733,-117.167
722903,SAN DIEGO/MONTGOMER,CA,32.817,-117.133
722904,CHULA VISTA BROWN FIELD NAAS,CA,32.583,-116.983
722906,SAN DIEGO NORTH ISLAND NAS,CA,32.7,-117.2
722909,IMPERIAL BEACH REAM FIELD NAS,CA,32.567,-117.117
722910,SAN NICHOLAS ISLAND,CA,33.25,-119.45
722920,SANTA CATALINA CATALINA ARPT,CA,33.4,-118.417
722925,SAN CLEMENTE IS NAAS,CA,33.017,-118.583
722926,CAMP PENDLETON MCAS,CA,33.3,-117.35
722927,CARLSBAD/PALOMAR,CA,33.133,-117.283
722930,SAN DIEGO MIRAMAR NAS,CA,32.867,-117.133
722934,OCEANSIDE MUNICIPAL,CA,33.217,-117.35
722950,LOS ANGELES INTL ARPT,CA,33.933,-118.4
722953,MOJAVE,CA,35.067,-118.15
722955,TORRANCE MUNICIPAL ARPT,CA,33.8,-118.333
722956,JACK NORTHROP FLD H,CA,33.917,-118.333
722970,LONG BEACH DAUGHERTY FLD,CA,33.833,-118.167
722975,LOS ALAMITOS,CA,33.783,-118.05
722976,FULLERTON MUNICIPAL,CA,33.867,-117.983
722977,SANTA ANA JOHN WAYNE AP,CA,33.683,-117.867
723013,WILMINGTON INTERNATIONAL ARPT,NC,34.267,-77.9
723030,FAYETTEVILLE POPE AFB,NC,35.167,-79.017
723034,MACKALL AAF,NC,35.033,-79.5
723035,FAYETTEVILLE RGNL G,NC,34.983,-78.883
723037,BEAUFORT/SMITH FLD,NC,34.717,-76.65
723040,CAPE HATTERAS NWS BLDG,NC,35.267,-75.55
723046,DARE CO RGNL,NC,35.917,-75.7
723055,STATESVILLE MUNI AI,NC,35.75,-80.95
723060,RALEIGH DURHAM INTERNATIONAL,NC,35.867,-78.783
723065,PITT GREENVILLE ARP,NC,35.633,-77.4
723066,GOLDSBORO SEYMOUR JOHNSON AFB,NC,35.35,-77.967
723067,KINSTON STALLINGS AFB,NC,35.317,-77.633
723068,ROCKY MOUNT WILSON,NC,35.85,-77.9
723069,JACKSONVILLE (AWOS),NC,34.833,-77.617
723074,EDENTON,VA,36.033,-76.567
723075,OCEANA NAS,VA,36.817,-76.033
723079,AHOSKIE,NC,36.3,-77.167
723080,NORFOLK INTERNATIONAL AP,VA,36.9,-76.2
723083,FRANKLIN NAAS,VA,36.7,-76.9
723084,ASHLAND,VA,37.7,-77.433
723085,NORFOLK NAS,VA,36.95,-76.283
723086,NEWPORT NEWS,VA,37.133,-76.5
723087,FORT EUSTIS FELKER AAF,VA,37.133,-76.6
723090,CHERRY POINT MCAS,NC,34.9,-76.883
723095,NEW BERN CRAVEN CO REGL AP,NC,35.067,-77.05
723096,NEW RIVER MCAF,NC,34.7,-77.383
723098,CULPEPER,NC,38.383,-77.867
723100,COLUMBIA METRO ARPT,SC,33.95,-81.117
723104,COLUMBIA OWENS APT,SC,33.967,-81
723105,COLUMBIA CONGAREE FLD MCAF,SC,33.917,-80.8
723106,FLORENCE REGIONAL AP,SC,34.183,-79.733
723108,LUMBERTON,NC,34.6,-79.067
723109,MAXTON,NC,34.783,-79.367
723110,ATHENS BEN EPPS AP,GA,33.95,-83.333
723114,LOUISA,SC,38.017,-77.967
723115,ORANGEBURG,SC,33.467,-80.85
723116,DARLINGTON,SC,34.45,-79.883
723117,ROCK HILL/YORK COUN,SC,34.983,-81.05
723118,CLEMSON-OCONEE CO A,SC,34.667,-82.867
723119,GREENVILLE DOWNTOWN AP,SC,34.85,-82.35
723120,GREER GREENV'L-SPARTANBRG AP,SC,34.9,-82.217
723124,GREENWOOD AIRPORT,SC,34.233,-82.15
723125,ANDERSON COUNTY AP,SC,34.5,-82.717
723139,HATTERAS BILLY MITCHELL AP,NC,35.233,-75.617
723140,CHARLOTTE DOUGLAS INTL ARPT,NC,35.217,-80.95
723143,SOUTHERN PINES AWOS,NC,35.233,-79.4
723144,RUTHERFORDTON,NC,35.433,-81.933
723145,HICKORY REGIONAL AP,NC,35.733,-81.383
723146,JEFFERSON,NC,36.433,-81.417
723147,GASTONIA MUNI ARPT,NC,35.183,-81.15
723148,MORGANTON/LENIOR AR,NC,35.817,-81.6
723150,ASHEVILLE REGIONAL ARPT,NC,35.433,-82.533
723156,ROWAN COUNTY ARPT,NC,35.65,-80.517
723165,NORTH WILKESBORO,NC,36.217,-81.083
723170,GREENSBORO PIEDMONT TRIAD INT,NC,36.1,-79.95
723174,BURLINGTON RGNL ARP,NC,36.05,-79.467
723177,MOUNT AIRY CO ARPT,NC,36.45,-80.55
723183,BRISTOL TRI CITY AIRPORT,TN,36.467,-82.4
723193,WINSTON-SALEM REYNOLDS AP,NC,36.133,-80.217
723194,MONROE AIRPORT,NC,35.017,-80.617
723200,ROME R B RUSSELL AP,GA,34.35,-85.167
723230,HUNTSVILLE INTL/JONES FIELD,AL,34.65,-86.783
723235,MUSCLE SHOALS REGIONAL AP,AL,34.75,-87.6
723240,CHATTANOOGA LOVELL FIELD AP,TN,35.033,-85.2
723246,OAK RIDGE,TN,36.017,-84.233
723260,KNOXVILLE MCGHEE TYSON AP,TN,35.817,-83.983
723265,CROSSVILLE MEMORIAL AP,TN,35.95,-85.083
723270,NASHVILLE INTERNATIONAL AP,TN,36.117,-86.683
723273,SMYRNA,TN,36,-86.517
723284,MILLINGTON MUNI ARP,TN,35.35,-89.867
723300,POPLAR BLUFF(AMOS),MO,36.767,-90.467
723306,COLUMBUS AFB,MS,33.65,-88.45
723307,GOLDEN TRI(AWOS),MS,33.45,-88.583
723320,TUPELO C D LEMONS ARPT,MS,34.267,-88.767
723340,MEMPHIS INTERNATIONAL AP,TN,35.067,-89.983
723345,MEMPHIS NAS,TN,35.35,-89.867
723346,JACKSON MCKELLAR-SIPES REGL A,TN,35.6,-88.917
723347,DYERSBURG MUNICIPAL AP,TN,36.017,-89.4
723403,LITTLE ROCK ADAMS FIELD,AR,34.75,-92.233
723405,LITTLE ROCK AFB,AR,34.917,-92.15
723406,WALNUT RIDGE (AWOS),AR,36.133,-90.917
723407,JONESBORO MUNI,AR,35.833,-90.65
723409,BLYTHEVILLE MUNI,AR,35.933,-89.817
723415,MEMORIAL FLD,AR,34.467,-93.1
723416,STUTTGART (AWOS),AR,34.6,-91.567
723417,PINE BLUFF FAA AP,AR,34.167,-91.933
723418,TEXARKANA WEBB FIELD,AR,33.45,-94
723419,EL DORADO GOODWIN FIELD,AR,33.217,-92.817
723424,MONTICELLO MUNI,AR,33.567,-91.717
723429,RUSSELLVILLE MUNI A,AR,35.25,-93.083
723434,SPRINGDALE MUNI,AR,36.183,-94.117
723435,MENA INTERMTN MUNI,AR,34.55,-94.217
723436,FAYETTEVILLE/SPRING,AR,36.267,-94.3
723439,BAXTER CO RGNL APT,AR,36.367,-92.467
723440,FORT SMITH REGIONAL AP,AR,35.333,-94.367
723443,SILOAM SPRING(AWOS),AR,36.183,-94.483
723444,BENTONVILLE (AWOS),AR,36.35,-94.217
723445,FAYETTEVILLE DRAKE FIELD,AR,36,-94.167
723446,HARRISON FAA AP,AR,36.267,-93.15
723447,FLIPPIN (AWOS),AR,36.3,-92.467
723448,BATESVILLE (AWOS),AR,35.733,-91.65
723449,ROGERS (AWOS),AR,36.367,-94.1
723484,WEST PLAINS - ASOS,MO,36.883,-91.9
723489,CAPE GIRARDEAU MUNICIPAL AP,MO,37.233,-89.567
723495,JOPLIN MUNICIPAL AP,MO,37.15,-94.5
723510,WICHITA FALLS MUNICIPAL ARPT,TX,33.983,-98.5
723520,ALTUS AFB,OK,34.65,-99.267
723525,HOBART MUNICIPAL AP,OK,35,-99.05
723526,CLINTON-SHERMAN,OK,35.333,-99.2
723527,GAGE AIRPORT,OK,36.3,-99.767
723528,FREDERICK MUNI,OK,34.333,-98.983
723529,ARDMORE,OK,34.15,-97.117
723530,OKLAHOMA CITY WILL ROGERS WOR,OK,35.383,-97.6
723535,VANCE AFB,OK,36.333,-97.917
723536,ENID WOODRING RGNL,OK,36.367,-97.783
723537,GUTHRIE,OK,35.85,-97.4
723540,OKLAHOMA CITY TINKER AFB,OK,35.417,-97.383
723544,OKLAHOMA CITY/WILEY,OK,35.533,-97.65
723545,STILLWATER RGNL,OK,36.15,-97.083
723546,PONCA CITY MUNICIPAL AP [SGP - ARM],OK,36.61,-97.49
723550,FORT SILL POST FIELD AF,OK,34.65,-98.4
723556,MUSKOGEE/DAVIS FLD,OK,35.65,-95.367
723560,TULSA INTERNATIONAL AIRPORT,OK,36.2,-95.883
723564,TULSA/LLOYD JONES,OK,36.033,-95.983
723565,BARTLESVILLE/PHILLI,OK,36.767,-96.017
723566,MCALESTER MUNICIPAL AP,OK,34.9,-95.783
723575,LAWTON MUNICIPAL,OK,34.567,-98.417
723600,CLAYTON MUNICIPAL AIRPARK,NM,36.45,-103.15
723604,CHILDRESS MUNICIPAL AP,TX,34.433,-100.283
723627,GALLUP SEN CLARKE FLD,NM,35.517,-108.783
723630,AMARILLO INTERNATIONAL AP [CANYON - UT],TX,34.99,-101.9
723635,BORGER/HUTCHINSON,TX,35.7,-101.4
723647,ALBUQUERQUE DOUBLE,NM,35.133,-106.783
723650,ALBUQUERQUE INTL ARPT [ISIS],NM,35.04,-106.62
723654,LOS ALAMOS,NM,35.883,-106.283
723656,SATA FE COUNTY MUNICIPAL AP,NM,35.617,-106.083
723658,FARMINGTON FOUR CORNERS REGL,NM,36.75,-108.233
723663,TAOS MUNI APT(AWOS),NM,36.45,-105.667
723676,TUCUMCARI FAA AP,NM,35.183,-103.6
723677,LAS VEGAS MUNICIPAL ARPT,NM,35.65,-105.15
723700,KINGMAN (AMOS),AZ,35.267,-113.95
723710,PAGE MUNI (AMOS),AZ,36.933,-111.45
723723,PRESCOTT LOVE FIELD,AZ,34.65,-112.417
723740,WINSLOW MUNICIPAL AP,AZ,35.033,-110.717
723745,PAYSON,AZ,34.233,-111.333
723747,SHOW LOW MUNICIPAL,AZ,34.267,-110
723754,ST. JOHNS AIR PARK,AZ,34.517,-109.383
723755,FLAGSTAFF PULLIAM ARPT,AZ,35.133,-111.667
723783,GRAND CANYON NATL P,AZ,35.95,-112.15
723788,BULLHEAD CITY,AZ,35.167,-114.567
723805,NEEDLES AIRPORT,CA,34.767,-114.617
723810,EDWARDS AFB,CA,34.9,-117.867
723815,DAGGETT BARSTOW-DAGGETT AP,CA,34.85,-116.8
723816,LANCASTER GEN WM FOX FIELD,CA,34.733,-118.217
723820,PALMDALE AIRPORT,CA,34.633,-118.083
723826,INYOKERN,CA,35.667,-117.833
723830,SANDBERG,CA,34.75,-118.717
723840,BAKERSFIELD MEADOWS FIELD,CA,35.433,-119.05
723860,LAS VEGAS MCCARRAN INTL AP,NV,36.083,-115.15
723865,NELLIS AFB,NV,36.25,-115.033
723870,MERCURY DESERT ROCK AP [SURFRAD],NV,36.63,-116.02
723890,FRESNO YOSEMITE INTL AP,CA,36.783,-119.717
723895,PORTERVILLE (AWOS),CA,36.033,-119.067
723896,VISALIA MUNI (AWOS),CA,36.317,-119.4
723898,HANFORD MUNI ARPT [ISIS],CA,36.31,-119.63
723910,POINT MUGU NF,CA,34.117,-119.117
723925,SANTA BARBARA MUNICIPAL AP,CA,34.433,-119.85
723926,CAMARILLO (AWOS),CA,34.217,-119.083
723927,OXNARD AIRPORT,CA,34.2,-119.2
723930,VANDENBERG AFB,CA,34.75,-120.583
723935,VANDENBERG RANGE,CA,34.717,-120.567
723940,SANTA MARIA PUBLIC ARPT,CA,34.917,-120.467
723965,PASO ROBLES MUNICIPAL ARPT,CA,35.667,-120.633
724006,CHESAPEAKE MUNI ARP,VA,36.667,-76.317
724007,SUFFOLK,VA,36.683,-76.6
724008,ROANOKE RAPIDS,VA,36.45,-77.717
724010,RICHMOND INTERNATIONAL AP,VA,37.517,-77.317
724014,DINWIDDIE CO,VA,37.183,-77.517
724016,CHARLOTTESVILLE FAA,VA,38.133,-78.45
724017,FARMVILLE,VA,37.35,-78.433
724019,NORFOLK (NEXRAD),VA,36.983,-77.017
724020,WALLOPS ISLAND UAU,VA,37.933,-75.483
724026,MELFA/ACCOMACK ARPT,VA,37.65,-75.767
724030,WASHINGTON DC DULLES INT'L AR [STERLING - ISIS],VA,38.98,-77.47
724033,SHANNON ARPT,VA,38.267,-77.45
724035,QUANTICO MCAS,VA,38.5,-77.3
724036,MANASSAS MUNI(AWOS),VA,38.717,-77.517
724037,DAVISON AAF,VA,38.717,-77.183
724040,PATUXENT RIVER NAS,MD,38.3,-76.417
724045,SALISBURY WICOMICO CO AP,MD,38.333,-75.517
724050,WASHINGTON DC REAGAN AP,VA,38.867,-77.033
724053,WINCHESTER RGNL,VA,39.15,-78.15
724055,LEESBURG/GODFREY,VA,39.083,-77.567
724056,MARION / WYTHEVILLE,VA,36.9,-81.35
724057,PHILLIPS AAF,MD,39.467,-76.167
724058,ABINGTON,VA,36.683,-82.033
724060,BALTIMORE BLT-WASHNGTN INT'L,MD,39.167,-76.683
724066,HAGERSTOWN RGNL RIC,MD,39.7,-77.733
724067,MARTIN STATE,MD,39.317,-76.417
724070,ATLANTIC CITY INTL AP,NJ,39.45,-74.567
724074,S JERSEY RGNL ARPT,NJ,39.933,-74.833
724075,MILLVILLE MUNICIPAL AP,NJ,39.367,-75.083
724080,PHILADELPHIA INTERNATIONAL AP,PA,39.867,-75.233
724084,BELMAR ASC,NJ,40.183,-74.067
724085,PHILADELPHIA NE PHILADELPHIA,PA,40.083,-75.017
724086,WILLOW GROVE NAS,PA,40.2,-75.15
724088,DOVER AFB,DE,39.133,-75.467
724089,WILMINGTON NEW CASTLE CNTY AP,DE,39.667,-75.6
724090,LAKEHURST NAS,NJ,40.033,-74.35
724093,GEORGETOWN/SUSSEX,DE,38.683,-75.367
724094,CALDWELL/ESSEX CO.,NJ,40.883,-74.283
724095,TRENTON MERCER COUNTY AP,NJ,40.283,-74.817
724096,MCGUIRE AFB,NJ,40.017,-74.6
724100,LYNCHBURG REGIONAL ARPT,VA,37.333,-79.2
724104,SOMERSET ARPT ASOS,NJ,40.633,-74.667
724105,STAUNTON/SHENANDOAH,VA,38.267,-78.9
724106,DANVILLE FAA AP,VA,36.567,-79.333
724107,HILLSVILLE,VA,36.767,-80.817
724110,ROANOKE REGIONAL AP,VA,37.317,-79.967
724113,VIRGINIA TECH ARPT,VA,37.217,-80.417
724115,HOT SPRINGS/INGALLS,VA,37.95,-79.833
724116,PULASKI,VA,37.133,-80.683
724117,WISE/LONESOME PINE,VA,36.983,-82.533
724118,MECKLENBURG\BRUNS.,VA,36.7,-78.05
724120,BECKLEY RALEIGH CO MEM AP,WV,37.8,-81.117
724125,BLUEFIELD/MERCER CO [NREL],WV,37.27,-81.24
724127,LEWISBURG/GREENBRIE,WV,37.867,-80.4
724140,CHARLESTON YEAGER ARPT,WV,38.383,-81.583
724165,PETERSBURG/GRANT AI,WV,38.983,-79.133
724170,ELKINS ELKINS-RANDOLPH CO ARP,WV,38.883,-79.85
724175,HARRISON MARION RGN,WV,39.283,-80.233
724176,MORGANTOWN HART FIELD,WV,39.65,-79.917
724177,MARTINSBURG EASTERN WV REG AP,WV,39.4,-77.983
724210,CINCINNATI NORTHERN KY AP,KY,39.05,-84.667
724220,LEXINGTON BLUEGRASS AP,KY,38.033,-84.6
724230,LOUISVILLE STANDIFORD FIELD,KY,38.183,-85.733
724235,LOUISVILLE BOWMAN FIELD,KY,38.233,-85.667
724236,JACKSON JULIAN CARROLL AP,KY,37.583,-83.317
724238,HENDERSON CITY,KY,37.817,-87.683
724240,FORT KNOX GODMAN AAF,KY,37.9,-85.967
724243,LONDON-CORBIN AP,KY,37.083,-84.083
724250,HUNTINGTON TRI-STATE ARPT,WV,38.383,-82.55
724273,PARKERSBURG WOOD COUNTY AP,WV,39.35,-81.433
724275,WHEELING OHIO COUNTY AP,WV,40.183,-80.65
724276,DAYTON GENERL ARPT,OH,39.6,-84.233
724280,COLUMBUS PORT COLUMBUS INTL A,OH,39.983,-82.883
724284,COLUMBUS/BOLTON FLD,OH,39.9,-83.133
724285,COLUMBUS RICKENBACKE,OH,39.817,-82.933
724286,ZANESVILLE MUNICIPAL AP,OH,39.95,-81.9
724287,METCALF FIELD,OH,41.55,-83.467
724288,OHIO STATE UNIVERSI,OH,40.067,-83.067
724290,DAYTON INTERNATIONAL AIRPORT,OH,39.9,-84.217
724295,SPRINGFIELD AF,OH,39.85,-83.833
724296,WILMINGTON AIRBORNE PARK,OH,39.417,-83.817
724297,CINCINNATI MUNICIPAL AP LUNKI,OH,39.1,-84.417
724298,LIMA ALLEN CO ARPT,OH,40.4,-84.017
724303,AKRON FULTON ASOS,OH,41.033,-81.467
724320,EVANSVILLE REGIONAL AP,IN,38.05,-87.533
724335,MOUNT VERNON (AWOS),IL,38.317,-88.867
724336,SOUTHERN ILLINOIS,IL,37.767,-89.25
724338,BELLEVILLE SCOTT AFB,IL,38.55,-89.85
724339,MARION REGIONAL,IL,37.75,-89.017
724340,ST LOUIS LAMBERT INT'L ARPT,MO,38.75,-90.367
724345,ST LOUIS SPIRIT OF ST LOUIS A,MO,38.65,-90.65
724347,ST CHARLES COUNTY A,MO,38.917,-90.417
724350,PADUCAH BARKLEY REGIONAL AP,KY,37.05,-88.767
724354,SOMERSET(AWOS),KY,38,-84.6
724356,SHELBYVILLE MUNI,IN,39.583,-85.8
724365,HUNTINGBURG,IN,38.25,-86.95
724373,TERRE HAUTE HULMAN REGIONAL A,IN,39.45,-87.3
724375,MONROE CO,IN,39.133,-86.617
724380,INDIANAPOLIS INTL AP,IN,39.717,-86.267
724384,EAGLE CREEK,IN,39.833,-86.3
724385,ANDERSON MUNICIPAL,IN,40.117,-85.617
724386,LAFAYETTE PURDUE UNIV AP,IN,40.417,-86.933
724387,KOKOMO(AWOS),IN,40.533,-86.067
724388,GOSHEN,IN,41.533,-85.783
724390,SPRINGFIELD CAPITAL AP,IL,39.85,-89.683
724396,QUINCY MUNI BALDWIN FLD,IL,39.933,-91.2
724397,CENTRAL ILLINOIS RG,IL,40.467,-88.917
724398,DANVILLE/VERMILION,IL,40.2,-87.6
724400,SPRINGFIELD REGIONAL ARPT,MO,37.233,-93.383
724450,COLUMBIA REGIONAL AIRPORT,MO,38.817,-92.217
724454,FARMINGTON,MO,37.767,-90.4
724455,KIRKSVILLE REGIONAL AP,MO,40.1,-92.55
724456,VICHY ROLLA NATL ARPT,MO,38.133,-91.767
724457,FT LNRD WD AAF,MO,37.75,-92.15
724458,JEFFERSON CITY MEM,MO,38.583,-92.15
724459,KAISER MEM (AWOS),MO,38.1,-92.55
724460,KANSAS CITY INT'L ARPT,MO,39.3,-94.717
724463,KANSAS CITY DOWNTOWN AP,MO,39.117,-94.6
724466,KANSAS CITY RICHARDS-GEBAUR A,MO,38.85,-94.567
724467,WHITEMAN AFB,MO,38.717,-93.55
724468,OLATHE/JOHNSON CO.,KS,38.85,-94.733
724475,OLATHE JOHNSON CO INDUSTRIAL,KS,38.833,-94.883
724490,ST JOSEPH ROSECRANS MEMORIAL,MO,39.767,-94.9
724500,WICHITA MID-CONTINENT AP,KS,37.65,-97.433
724504,WICHITA/COL. JABARA,KS,37.75,-97.217
724505,MCCONNELL AFB,KS,37.617,-97.267
724506,HUTCHINSON MUNICIPAL AP,KS,38.067,-97.867
724507,CHANUTE MARTIN JOHNSON AP,KS,37.667,-95.483
724509,NEWTON (AWOS),KS,38.05,-97.283
724510,DODGE CITY REGIONAL AP,KS,37.767,-99.967
724515,GARDEN CITY MUNICIPAL AP,KS,37.933,-100.717
724516,LIBERAL MUNI,KS,37.033,-100.967
724517,GREAT BEND (AWOS),KS,38.35,-98.867
724518,HAYS MUNI (AWOS),KS,38.85,-99.267
724550,FORT RILEY MARSHALL AAF,KS,39.05,-96.767
724555,MANHATTAN RGNL,KS,39.133,-96.667
724556,EMPORIA MUNICIPAL AP,KS,38.333,-96.183
724560,TOPEKA MUNICIPAL AP,KS,39.067,-95.633
724565,TOPEKA FORBES FIELD,KS,38.95,-95.667
724567,FORT LEAVENWORTH SHERMAN AAF,KS,39.367,-94.917
724580,CONCORDIA BLOSSER MUNI AP,KS,39.55,-97.65
724585,RUSSELL MUNICIPAL AP,KS,38.883,-98.817
724586,SALINA MUNICIPAL AP,KS,38.817,-97.667
724620,ALAMOSA SAN LUIS VALLEY RGNL,CO,37.433,-105.867
724625,DURANGO/LA PLATA CO,CO,37.15,-107.75
724627,TELLURIDE REGIONAL,CO,37.95,-107.9
724635,LA JUNTA MUNICIPAL AP,CO,38.05,-103.533
724636,LAMAR MUNICIPAL,CO,38.067,-102.683
724640,PUEBLO MEMORIAL AP,CO,38.283,-104.5
724645,TRINIDAD LAS ANIMAS COUNTY AP,CO,37.267,-104.333
724650,GOODLAND RENNER FIELD,KS,39.367,-101.7
724655,HILL CITY MUNICIPAL AP,KS,39.383,-99.833
724660,COLORADO SPRINGS MUNI AP,CO,38.817,-104.717
724665,LIMON,CO,39.183,-103.717
724666,DENVER/CENTENNIAL [GOLDEN - NREL],CO,39.742,-105.179
724673,LEADVILLE/LAKE CO.,CO,39.217,-106.317
724674,MEEKER,CO,40.05,-107.9
724675,EAGLE COUNTY AP,CO,39.65,-106.917
724676,ASPEN PITKIN CO SAR,CO,39.217,-106.867
724677,GUNNISON CO. (AWOS),CO,38.533,-106.933
724678,STEAMBOAT SPRINGS B,CO,40.517,-106.867
724680,FORT CARSON BUTTS AAF,CO,38.683,-104.767
724689,BURLINGTON,CO,39.25,-102.283
724690,DENVER STAPLETON INT'L ARPT,CO,39.767,-104.867
724695,AURORA BUCKLEY FIELD ANGB,CO,39.717,-104.75
724697,FORT COLLINS(SAWRS),CO,40.583,-105.083
724698,AKRON WASHINGTON CO AP,CO,40.167,-103.233
724699,BROOMFIELD/JEFFCO [BOULDER - SURFRAD],CO,40.13,-105.24
724700,PRICE/CARBON COUNTY,UT,39.617,-110.75
724723,BLANDING,UT,37.617,-109.483
724735,HANKSVILLE,UT,38.367,-110.717
724754,SAINT GEORGE (AWOS),UT,37.083,-113.6
724755,CEDAR CITY MUNICIPAL AP,UT,37.7,-113.1
724756,BRYCE CNYN FAA AP,UT,37.7,-112.15
724760,GRAND JUNCTION WALKER FIELD,CO,39.133,-108.533
724765,MONTROSE CO. ARPT,CO,38.5,-107.9
724767,CORTEZ/MONTEZUMA CO,CO,37.3,-108.633
724768,GREELEY/WELD (AWOS),CO,40.433,-104.633
724769,FORT COLLINS (AWOS),CO,40.45,-105.017
724773,GREEN RIVER RANGE,UT,39,-110.167
724776,MOAB/CANYONLANDS [UO],UT,38.58,-109.54
724795,DELTA,UT,39.333,-112.583
724796,LOGAN-CACHE AIRPORT,UT,41.783,-111.85
724800,BISHOP AIRPORT,CA,37.367,-118.35
724810,CASTLE AFB,CA,37.383,-120.567
724815,MERCED/MACREADY FLD,CA,37.283,-120.517
724828,VACAVILLE NUT TREE,CA,38.367,-121.95
724830,SACRAMENTO EXECUTIVE ARPT,CA,38.5,-121.5
724833,MATHER FIELD,CA,38.55,-121.3
724836,MCCLELLAN AFB,CA,38.667,-121.4
724837,BEALE AFB,CA,39.133,-121.433
724838,YUBA CO,CA,39.1,-121.567
724839,SACRAMENTO METROPOLITAN AP,CA,38.7,-121.583
724846,N LAS VEGAS,NV,36.217,-115.2
724855,TONOPAH AIRPORT,NV,38.067,-117.083
724860,ELY YELLAND FIELD,NV,39.3,-114.85
724880,RENO TAHOE INTERNATIONAL AP,NV,39.483,-119.767
724885,FALLON NAAS,NV,39.417,-118.717
724915,MONTEREY NAF,CA,36.6,-121.867
724917,SALINAS MUNICIPAL AP,CA,36.667,-121.6
724920,STOCKTON METROPOLITAN ARPT,CA,37.9,-121.233
724926,MODESTO CITY-COUNTY AP,CA,37.633,-120.95
724927,LIVERMORE MUNICIPAL,CA,37.7,-121.817
724930,OAKLAND METROPOLITAN ARPT,CA,37.717,-122.217
724935,HAYWARD AIR TERM,CA,37.667,-122.117
724936,CONCORD CONCORD-BUCHANAN FIEL,CA,38,-122.05
724940,SAN FRANCISCO INTL AP,CA,37.617,-122.4
724945,SAN JOSE INTL AP,CA,37.367,-121.933
724955,NAPA CO. AIRPORT,CA,38.217,-122.283
724957,SANTA ROSA (AWOS),CA,38.517,-122.817
724973,CHICO MUNICIPAL,CA,39.8,-121.85
724988,DANSVILLE MUNI ARPT,NY,42.567,-77.717
725015,MONTGOMERY,NY,41.517,-74.267
725016,SHIRLEY/BROOKHAVEN,NY,40.817,-72.867
725020,NEWARK INTERNATIONAL ARPT,NJ,40.717,-74.183
725025,TETERBORO AIRPORT,NJ,40.85,-74.067
725027,MERIDEN/MARKHAM MUN,CT,41.5,-72.817
725029,OXFORD (AWOS),CT,41.483,-73.133
725030,NEW YORK LAGUARDIA ARPT,NY,40.783,-73.883
725033,NEW YORK CENTRAL PRK OBS BELV,NY,40.783,-73.967
725035,ISLIP LONG ISL MACARTHUR AP,NY,40.783,-73.1
725036,POUGHKEEPSIE DUTCHESS CO AP,NY,41.633,-73.883
725037,WHITE PLAINS WESTCHESTER CO A,NY,41.067,-73.717
725038,STEWART FIELD,NY,41.5,-74.1
725040,BRIDGEPORT SIKORSKY MEMORIAL,CT,41.183,-73.15
725045,NEW HAVEN TWEED AIRPORT,CT,41.267,-72.883
725046,GROTON NEW LONDON AP,CT,41.333,-72.05
725054,PAWTUCKET (AWOS),RI,41.917,-71.5
725058,BLOCK ISLAND STATE ARPT,RI,41.167,-71.583
725059,HANSCOM FIELD,MA,42.467,-71.283
725060,OTIS ANGB,MA,41.65,-70.517
725063,NANTUCKET MEMORIAL AP,MA,41.25,-70.067
725064,PLYMOUTH MUNICIPAL,MA,41.917,-70.733
725065,NEW BEDFORD RGNL,MA,41.667,-70.95
725066,MARTHAS VINEYARD,MA,41.4,-70.617
725067,BARNSTABLE MUNI BOA,MA,41.667,-70.283
725068,TAUNTON MUNI ARPT,MA,41.867,-71.017
725069,CHATHAM MUNI ARPT,MA,41.683,-70
725070,PROVIDENCE T F GREEN STATE AR,RI,41.717,-71.433
725073,PROVINCETOWN (AWOS),MA,42.067,-70.217
725075,NORTH ADAMS,MA,42.7,-73.167
725079,NEWPORT,RI,41.533,-71.283
725080,HARTFORD BRADLEY INTL AP,CT,41.933,-72.683
725084,WILLIMANTIC (ASOS),CT,41.733,-72.183
725085,ORANGE MUNICIPAL AP,MA,42.567,-72.283
725086,DANBURY MUNICIPAL,CT,41.367,-73.483
725087,HARTFORD BRAINARD FD,CT,41.733,-72.65
725088,BEVERLY MUNI,MA,42.583,-70.917
725090,BOSTON LOGAN INT'L ARPT,MA,42.367,-71.017
725095,WORCHESTER REGIONAL ARPT,MA,42.267,-71.883
725097,SOUTH WEYMOUTH NAS,MA,42.15,-70.933
725098,NORWOOD MEMORIAL,MA,42.183,-71.183
725103,READING SPAATZ FIELD,PA,40.367,-75.967
725104,MEADVILLE,PA,41.617,-80.2
725105,SELINSGROVE,PA,40.817,-76.867
725107,FITCHBURG,MA,42.55,-71.75
725109,POTTSTOWN LIMERICK,PA,40.233,-75.55
725113,DOYLESTOWN,PA,40.333,-75.117
725114,YORK ARPT,PA,39.917,-76.867
725115,MIDDLETOWN HARRISBURG INTL AP,PA,40.2,-76.767
725116,LANCASTER,PA,40.117,-76.3
725117,WASHINGTON (AWOS),PA,40.133,-80.283
725118,HARRISBURG CAPITAL CITY ARPT,PA,40.217,-76.85
725119,CLEARFIELD-LAWRENCE,PA,41.033,-78.4
725124,BUTLER CO. (AWOS),PA,40.783,-79.95
725125,DUBOIS FAA AP,PA,41.183,-78.9
725126,ALTOONA BLAIR CO ARPT,PA,40.3,-78.317
725127,JOHNSTOWN CAMBRIA COUNTY AP,PA,40.317,-78.833
725128,STATE COLLEGE [PENN STATE - SURFRAD],PA,40.72,-77.93
725130,WILKES-BARRE SCRANTON INTL AP,PA,41.333,-75.733
725140,WILLIAMSPORT REGIONAL AP,PA,41.25,-76.917
725144,MUIR AAF,PA,40.433,-76.567
725145,MONTICELLO(AWOS),NY,41.7,-74.8
725146,FULTON,NY,43.35,-76.383
725150,BINGHAMTON EDWIN A LINK FIELD,NY,42.2,-75.983
725155,ITHACA/TOMPKINS CO.,NY,42.483,-76.45
725156,ELMIRA CORNING REGIONAL AP,NY,42.167,-76.9
725157,WELLSVILLE MUNICIPA,NY,42.1,-77.983
725165,RUTLAND STATE,VT,43.517,-72.95
725170,ALLENTOWN LEHIGH VALLEY INTL,PA,40.65,-75.45
725175,INDIANA/STEWART FLD,PA,40.633,-79.1
725180,ALBANY COUNTY AP,NY,42.75,-73.8
725185,GLENS FALLS AP,NY,43.35,-73.617
725186,OGDENSBURG INTL,NY,44.683,-75.467
725187,CLINTON CO,NY,44.683,-73.533
725190,SYRACUSE HANCOCK INT'L ARPT,NY,43.117,-76.1
725194,PENN YAN,NY,43.483,-77.05
725196,GRIFFISS AFB,NY,43.233,-75.4
725197,UTICA ONEIDA COUNTY AP,NY,43.15,-75.383
725200,PITTSBURGH INTERNATIONAL AP,PA,40.5,-80.233
725204,BEAVER FALLS ARPT,PA,40.767,-80.4
725205,PITTSBURGH ALLEGHENY CO AP,PA,40.35,-79.917
725207,ARNOLD PALMER RGNL,PA,40.267,-79.4
725208,MARION MUNI ARPT,OH,40.617,-83.067
725210,AKRON AKRON-CANTON REG AP,OH,40.917,-81.433
725214,ELYRIA/LORAIN CO.,OH,41.35,-82.183
725216,WOOSTER,OH,40.867,-81.883
725217,HAMILTON,OH,39.367,-84.517
725224,NEW PHILADELPHIA,OH,40.467,-81.417
725229,NEWARK/HEATH AIRPRT,OH,40.017,-82.45
725235,JAMESTOWN (AWOS),NY,42.15,-79.267
725240,CLEVELAND HOPKINS INTL AP,OH,41.4,-81.85
725244,WILLOUGHBY,OH,41.683,-81.383
725245,BURKE LAKEFRONT,OH,41.517,-81.683
725246,MANSFIELD LAHM MUNICIPAL ARPT,OH,40.817,-82.517
725250,YOUNGSTOWN REGIONAL AIRPORT,OH,41.25,-80.667
725254,DEFIANCE MEMORIAL,OH,41.333,-84.417
725256,ASHTABULA COUNTY AR,OH,41.767,-80.683
725260,ERIE INTERNATIONAL AP,PA,42.083,-80.183
725266,BRADFORD REGIONAL AP,PA,41.8,-78.633
725267,FRANKLIN,PA,41.383,-79.867
725280,BUFFALO NIAGARA INTL AP,NY,42.933,-78.733
725287,NIAGARA FALLS AF,NY,43.1,-78.95
725290,ROCHESTER GREATER ROCHESTER I,NY,43.117,-77.683
725300,CHICAGO OHARE INTL AP,IL,41.983,-87.917
725305,W. CHICAGO/DU PAGE,IL,41.917,-88.25
725306,GLENVIEW NAS,IL,42.083,-87.833
725314,CAHOKIA/ST. LOUIS,IL,38.567,-90.15
725315,UNIV OF ILLINOIS WI [BONDVILLE - SURFRAD],IL,40.06,-88.37
725316,DECATUR,IL,39.833,-88.867
725317,MATTOON/CHARLESTON,IL,39.483,-88.283
725320,PEORIA GREATER PEORIA AP,IL,40.667,-89.683
725326,STERLING ROCKFALLS,IL,41.75,-89.667
725327,PORTER CO MUNI,IN,41.45,-87
725330,FORT WAYNE INTL AP,IN,41,-85.2
725335,GRISSOM ARB,IN,40.65,-86.15
725336,DELAWARE CO JOHNSON,IN,40.233,-85.4
725337,GARY CHICAGO,IN,41.617,-87.417
725340,CHICAGO MIDWAY AP,IL,41.783,-87.75
725345,JOLIET PARK DISTRIC,IL,41.517,-88.183
725346,CHICAGO MEIGS FIELD,IL,41.867,-87.617
725347,CHICAGO/WAUKEGAN,IL,42.417,-87.867
725348,CHICAGO NEXRAD,IL,41.6,-88.083
725349,DAVENPORT NEXRAD,IA,41.617,-90.583
725350,SOUTH BEND MICHIANA RGNL AP,IN,41.7,-86.333
725354,ELKHART MUNI,IN,41.717,-86
725360,TOLEDO EXPRESS AIRPORT,OH,41.583,-83.8
725366,FINDLAY AIRPORT,OH,41.017,-83.667
725370,DETROIT METROPOLITAN ARPT,MI,42.217,-83.35
725373,GROSSE ISLE ARPT,MI,42.1,-83.15
725374,ANN ARBOR MUNICIPAL,MI,42.217,-83.75
725375,DETROIT CITY AIRPORT,MI,42.4,-83
725376,DETROIT WILLOW RUN AP,MI,42.233,-83.533
725377,MOUNT CLEMENS SELFRIDGE FLD,MI,42.617,-82.833
725378,HOWELL,MI,42.633,-83.983
725384,ST.CLAIR COUNTY INT,MI,42.917,-82.533
725390,LANSING CAPITAL CITY ARPT,MI,42.783,-84.583
725394,HOLLAND/TULIP CITY,MI,42.75,-86.1
725395,JACKSON REYNOLDS FIELD,MI,42.267,-84.467
725396,BATTLE CREEK KELLOGG AP,MI,42.3,-85.25
725404,ADRIAN,MI,41.867,-84.083
725405,ALMA,MI,43.317,-84.683
725406,BAD AXE,MI,43.783,-82.983
725407,GAYLORD,MI,45.017,-84.683
725408,MANISTIQUE,MI,45.967,-86.183
725409,HILLSDALE,MI,41.917,-84.583
725414,COLDWATER,MI,41.933,-85.05
725415,MARSHALL BROOKS,MI,42.25,-84.95
725416,BIG RAPIDS,MI,43.717,-85.5
725417,MASON,MI,42.567,-84.417
725418,MONROE,MI,41.933,-83.433
725424,MT PLEASANT MUNI,MI,43.617,-84.733
725430,ROCKFORD GREATER ROCKFORD AP,IL,42.2,-89.1
725434,MT POCONO MUNI,PA,41.133,-75.383
725440,MOLINE QUAD CITY INTL AP,IL,41.467,-90.517
725450,CEDAR RAPIDS MUNICIPAL AP,IA,41.883,-91.717
725453,ATLANTIC,IA,41.4,-95.05
725454,WASHINGTON,IA,41.283,-91.667
725455,BURLINGTON MUNICIPAL AP,IA,40.783,-91.117
725456,KEOKUK MUNI,IA,40.467,-91.433
725457,ALGONA,IA,43.083,-94.267
725458,CLARION,IA,42.75,-93.767
725460,DES MOINES INTL AP,IA,41.533,-93.667
725463,CHARLES CITY,IA,43.067,-92.617
725464,NEWTON MUNI,IA,41.683,-93.017
725465,OTTUMWA INDUSTRIAL AP,IA,41.1,-92.45
725466,ANKENY REGIONAL ARP,IA,41.683,-93.55
725467,SHENANDOAH MUNI,IA,40.75,-95.417
725468,CARROLL,IA,42.05,-94.783
725469,CHARITON,IA,41.033,-93.367
725470,DUBUQUE REGIONAL AP,IA,42.4,-90.7
725473,CLINTON MUNI (AWOS),IA,41.833,-90.333
725474,CRESTON,IA,41.017,-94.367
725475,MONTICELLO MUNI,IA,42.233,-91.167
725476,DECORAH,IA,43.283,-91.733
725477,DENISON,IA,41.983,-95.383
725478,WEBSTER CITY,IA,42.433,-93.867
725479,CLARINDA,IA,40.717,-95.033
725480,WATERLOO MUNICIPAL AP,IA,42.55,-92.4
725483,FORT MADISON,IA,40.667,-91.333
725484,LE MARS,IA,42.783,-96.2
725485,MASON CITY MUNICIPAL ARPT,IA,43.15,-93.333
725486,BOONE MUNI,IA,42.05,-93.85
725487,MUSCATINE,IA,41.367,-91.15
725488,OELWEN,IA,42.683,-91.967
725489,ORANGE CITY,IA,42.983,-96.067
725490,FORT DODGE (AWOS),IA,42.55,-94.183
725493,KNOXVILLE,IA,41.3,-93.117
725494,RED OAK,IA,41.017,-95.267
725495,SHELDON,IA,43.217,-95.833
725496,STORM LAKE,IA,42.6,-95.233
725497,COUNCIL BLUFFS,IA,41.267,-95.767
725499,LAMONI,IA,40.617,-93.95
725500,OMAHA EPPLEY AIRFIELD,NE,41.317,-95.9
725510,LINCOLN MUNICIPAL ARPT,NE,40.833,-96.767
725513,AURORA,NE,40.9,-98
725515,BEATRICE MUNICIPAL,NE,40.3,-96.75
725520,GRAND ISLAND CENTRAL NE REGIO,NE,40.967,-98.317
725524,ORD/SHARP FIELD,NE,41.617,-98.95
725525,HASTINGS MUNICIPAL,NE,40.6,-98.433
725526,KEARNEY MUNI (AWOS),NE,40.733,-99
725527,TEKAMAH (ASOS),NE,41.767,-96.167
725530,OMAHA WSFO,NE,41.367,-96.017
725533,FALLS CITY/BRENNER,NE,40.083,-95.6
725540,BELLEVUE OFFUTT AFB,NE,41.117,-95.917
725555,BROKEN BOW MUNI,NE,41.433,-99.65
725556,AINSWORTH MUNICIPAL,NE,42.583,-100
725560,NORFOLK KARL STEFAN MEM ARPT,NE,41.983,-97.433
725564,FREMONT MUNI ARPT,NE,41.45,-96.517
725565,COLUMBUS MUNI,NE,41.45,-97.333
725566,O`NEILL/BAKER FIELD,NE,42.467,-98.683
725570,SIOUX CITY SIOUX GATEWAY AP,IA,42.383,-96.383
725610,SIDNEY MUNICIPAL AP,NE,41.1,-102.983
725620,NORTH PLATTE REGIONAL AP,NE,41.117,-100.667
725625,MCCOOK MUNICIPAL,NE,40.2,-100.583
725626,IMPERIAL FAA AP,NE,40.517,-101.617
725627,MULLEN/HOOKER CO.,NE,42.05,-101.067
725628,BREWSTER FIELD ARPT,NE,40.45,-99.333
725635,ALLIANCE MUNICIPAL,NE,42.05,-102.8
725636,CHADRON MUNICIPAL AP,NE,42.833,-103.083
725640,CHEYENNE MUNICIPAL ARPT,WY,41.15,-104.8
725645,LARAMIE GENERAL BREES FIELD,WY,41.317,-105.683
725650,DENVER INTL AP,CO,39.833,-104.65
725660,SCOTTSBLUFF W B HEILIG FIELD,NE,41.867,-103.6
725665,KIMBALL MUNI APT,NE,41.183,-103.683
725670,VALENTINE MILLER FIELD,NE,42.867,-100.55
725685,DOUGLAS,WY,42.75,-105.383
725686,DOUGLAS,WY,42.8,-105.383
725690,CASPER NATRONA CO INTL AP,WY,42.9,-106.467
725700,CRAIG-MOFFAT,CO,40.5,-107.533
725705,VERNAL,UT,40.433,-109.517
725715,HAYDEN/YAMPA (AWOS),CO,40.483,-107.217
725716,RIFLE (AWRS),CO,39.533,-107.8
725717,RIFLE/GARFIELD RGNL,CO,39.533,-107.717
725720,SALT LAKE CITY INT'L ARPT [ISIS],UT,40.77,-111.97
725724,PROVO MUNI (AWOS),UT,40.217,-111.717
725744,ROCK SPRINGS ARPT [GREEN RIVER - UO],WY,41.46,-109.44
725745,RAWLINS MUNICIPAL AP,WY,41.8,-107.2
725750,OGDEN HINKLEY AIRPORT,UT,41.2,-112.017
725755,OGDEN HILL AFB,UT,41.117,-111.967
725760,LANDER HUNT FIELD,WY,42.817,-108.733
725763,TORRINGTON MUNICIPA,WY,42.3,-104.9
725765,RIVERTON MUNICIPL AP,WY,43.05,-108.45
725775,EVANSTON/BURNS FLD,WY,41.283,-111.033
725776,JACKSON HOLE,WY,43.6,-110.733
725780,POCATELLO REGIONAL AP,ID,42.917,-112.567
725785,IDAHO FALLS FANNING FIELD,ID,43.517,-112.067
725786,MALAD CITY,ID,42.15,-112.283
725805,LOVELOCK DERBY FIELD,NV,40.067,-118.55
725810,WENDOVER USAF AUXILIARY FIELD,UT,40.717,-114.033
725825,ELKO MUNICIPAL ARPT,NV,40.833,-115.8
725826,AUSTIN,NV,39.5,-117.083
725830,WINNEMUCCA MUNICIPAL ARPT,NV,40.9,-117.8
725845,BLUE CANYON AP,CA,39.3,-120.717
725846,TRUCKEE-TAHOE,CA,39.317,-120.133
725847,SOUTH LAKE TAHOE,CA,38.9,-120
725864,MCCALL ARPT,ID,44.883,-116.1
725865,HAILEY/FRIEDMAN MEM,ID,43.5,-114.3
725866,JOSLIN FLD MAGIC VA [TWIN FALLS - UO],ID,42.55,-114.35
725867,BURLEY MUNICIPAL ARPT,ID,42.533,-113.767
725868,SODA SPRINGS/TIGERT,ID,42.65,-111.583
725869,MALTA,ID,42.3,-113.333
725895,KLAMATH FALLS INTL AP [UO],OR,42.22,-121.74
725905,UKIAH MUNICIPAL AP,CA,39.133,-123.2
725910,RED BLUFF MUNICIPAL ARPT,CA,40.15,-122.25
725920,REDDING MUNICIPAL ARPT,CA,40.517,-122.317
725945,ARCATA AIRPORT,CA,40.983,-124.1
725946,CRESCENT CITY FAA AI,CA,41.783,-124.233
725955,MONTAGUE SISKIYOU COUNTY AP,CA,41.783,-122.467
725957,MOUNT SHASTA,CA,41.333,-122.333
725958,ALTURAS,CA,41.5,-120.533
725970,MEDFORD ROGUE VALLEY INTL AP [ASHLAND - UO],OR,42.19,-122.7
725975,SEXTON SUMMIT,OR,42.6,-123.367
725976,LAKEVIEW (AWOS),OR,42.167,-120.4
726050,CONCORD MUNICIPAL ARPT,NH,43.2,-71.5
726055,PEASE INTL TRADEPOR,NH,43.083,-70.817
726056,SKYHAVEN ARPT ROCHE,NH,43.267,-70.917
726060,PORTLAND INTL JETPORT,ME,43.65,-70.3
726064,SANFORD MUNI (AWOS),ME,43.4,-70.717
726073,WATERVILLE (AWOS),ME,44.533,-69.683
726077,BAR HARBOR (AWOS),ME,44.45,-68.367
726079,ROCKLAND/KNOX(AWOS),ME,44.067,-69.1
726083,NORTHERN AROOSTOOK,ME,47.283,-68.317
726088,BANGOR INTERNATIONAL AP,ME,44.8,-68.817
726115,SPRINGFIELD/HARTNES,VT,43.35,-72.517
726116,LEBANON MUNICIPAL,NH,43.633,-72.3
726130,MOUNT WASHINGTON,NH,44.267,-71.3
726145,MONTPELIER AP,VT,44.2,-72.567
726155,LACONIA MUNI (AWOS),NH,43.567,-71.417
726160,BERLIN MUNICIPAL,NH,44.583,-71.183
726163,JAFFREY MUNICIPAL,NH,42.8,-72
726164,WHITEFIELD,NH,44.367,-71.55
726165,DILLANT HOPKINS,NH,42.9,-72.267
726166,BENNINGTON MORSE AR,VT,42.883,-73.233
726170,BURLINGTON INTERNATIONAL AP,VT,44.467,-73.15
726184,AUBURN-LEWISTON,ME,44.05,-70.283
726185,AUGUSTA AIRPORT,ME,44.317,-69.8
726196,MILLINOCKET MUNICIPAL AP,ME,45.65,-68.683
726223,MASSENA AP,NY,44.933,-74.85
726225,PLATTSBURGH AFB,NY,44.65,-73.467
726227,WATERTOWN AP,NY,44,-76.017
726228,ADIRONDACK RGNL,NY,44.383,-74.2
726284,SAWYER INTL,MI,46.35,-87.383
726350,GRAND RAPIDS KENT COUNTY INT',MI,42.883,-85.517
726355,BENTON HARBOR/ROSS,MI,42.133,-86.433
726357,KALAMAZOO BATTLE CR,MI,42.233,-85.55
726360,MUSKEGON COUNTY ARPT,MI,43.167,-86.233
726364,LUDINGTON/MASON,MI,43.967,-86.4
726370,FLINT BISHOP INTL ARPT,MI,42.967,-83.75
726375,OAKLAND CO INTL,MI,42.667,-83.417
726379,SAGINAW TRI CITY INTL AP,MI,43.533,-84.083
726380,HOUGHTON LAKE ROSCOMMON CO AR,MI,44.367,-84.683
726384,CADILLAC WEXFORD CO AP,MI,44.283,-85.417
726385,MANISTEE (AWOS),MI,44.267,-86.25
726387,TRAVERSE CITY CHERRY CAPITAL,MI,44.733,-85.583
726390,ALPENA COUNTY REGIONAL AP,MI,45.067,-83.583
726394,NEWBERRY LUCE CO.,MI,46.317,-85.467
726395,OSCODA WURTSMITH AFB,MI,44.45,-83.4
726400,MILWAUKEE MITCHELL INTL AP,WI,42.95,-87.9
726404,MINOCQUA/WOODRUFF,WI,45.933,-89.733
726405,MILWAUKEE TIMMERMAN,WI,43.117,-88.05
726409,WAUKESHA,WI,43.033,-88.233
726410,MADISON DANE CO REGIONAL ARPT [ISIS],WI,43.13,-89.33
726413,WEST BEND MUNI,WI,43.417,-88.117
726414,MONROE MUNICIPAL AI,WI,42.6,-89.583
726415,JANESVILLE/ROCK CO.,WI,42.617,-89.033
726416,LONE ROCK FAA AP,WI,43.2,-90.183
726417,MEDFORD,WI,45.1,-90.3
726418,OSCEOLA,WI,45.317,-92.683
726419,ASHLAND KENNEDY ME,WI,46.55,-90.917
726424,RACINE,WI,42.767,-87.817
726425,SHEBOYGAN,WI,43.783,-87.85
726426,STEVENS POINT,WI,44.55,-89.533
726427,SUPERIOR,WI,46.683,-92.1
726430,LA CROSSE MUNICIPAL ARPT,WI,43.867,-91.25
726435,EAU CLAIRE COUNTY AP,WI,44.867,-91.483
726436,VOLK FIELD ANG,WI,43.933,-90.267
726437,MCCOY (USA-AF),WI,43.967,-90.733
726438,BOSCOBEL AIRPORT,WI,43.15,-90.667
726440,ROCHESTER INTERNATIONAL ARPT,MN,43.9,-92.5
726444,PRAIRIE DU CHIEN,WI,43.017,-91.117
726449,MERRILL MUNI ARPT,WI,45.183,-89.7
726450,GREEN BAY AUSTIN STRAUBEL INT,WI,44.483,-88.133
726455,MANITOWAC MUNI AWOS,WI,44.133,-87.683
726456,WITTMAN RGNL,WI,43.983,-88.55
726457,APPLETON/OUTAGAMIE,WI,44.25,-88.517
726458,STURGEON BAY,WI,44.85,-87.417
726463,WAUSAU MUNICIPAL ARPT,WI,44.917,-89.633
726464,WATERTOWN,WI,43.167,-88.717
726465,MOSINEE/CENTRAL WI,WI,44.783,-89.667
726467,RICE LAKE MUNICIPAL,WI,45.483,-91.717
726468,PHILLIPS/PRICE CO.,WI,45.7,-90.4
726480,ESCANABA (AWOS),MI,45.75,-87.033
726487,MENOMINEE (AWOS),MI,45.133,-87.633
726498,FAIR FIELD,IA,41.05,-91.983
726499,ESTHERVILLE MUNI,IA,43.4,-94.75
726500,SPENCER,IA,43.167,-95.15
726510,SIOUX FALLS FOSS FIELD,SD,43.583,-96.75
726514,CUSTER (RAMOS),SD,43.733,-103.617
726515,BROOKINGS (AWOS),SD,44.3,-96.817
726516,PHILIP ARPT,SD,44.05,-101.6
726517,PINE RIDGE,SD,43.033,-102.517
726518,WINNER,SD,43.383,-99.85
726525,CHAN GURNEY MUNI,SD,42.917,-97.383
726540,HURON REGIONAL ARPT,SD,44.4,-98.217
726544,ORR,MN,48.017,-92.867
726545,MITCHELL (AWOS),SD,43.767,-98.033
726546,WATERTOWN MUNICIPAL AP,SD,44.933,-97.15
726547,GLENWOOD (ASOS),MN,45.65,-95.317
726549,COOK MUNI ARPT,MN,47.817,-92.7
726550,ST CLOUD REGIONAL ARPT,MN,45.55,-94.05
726554,ST JAMES MUNI ARPT,MN,43.983,-94.55
726555,BRAINERD/WIELAND,MN,46.4,-94.133
726556,REDWOOD FALLS MUNI,MN,44.55,-95.083
726557,ALEXANDRIA MUNICIPAL AP,MN,45.883,-95.4
726558,CLOQUET (AWOS),MN,46.7,-92.5
726559,MARSHALL/RYAN(AWOS),MN,44.45,-95.817
726560,FERGUS FALLS(AWOS),MN,46.283,-96.15
726561,WADENA,MN,46.45,-95.217
726563,FARIBAULT MUNI AWOS,MN,44.333,-93.317
726564,RED WING,MN,44.583,-92.483
726565,MORRIS MUNI (AWOS),MN,45.567,-95.967
726566,PIPESTONE (AWOS),MN,43.983,-96.317
726567,NEW ULM MUNI (AWOS),MN,44.317,-94.5
726568,OWATONNA (AWOS),MN,44.117,-93.25
726569,HUTCHINSON (AWOS),MN,44.867,-94.383
726573,AIRLAKE,MN,44.633,-93.233
726574,MARSHFIELD MUNI,WI,44.633,-90.183
726575,MINNEAPOLIS/CRYSTAL,MN,45.067,-93.35
726576,WILLMAR,MN,45.117,-95.083
726577,MINNEAPOLIS/BLAINE,MN,45.15,-93.217
726578,LITTLE FALLS (AWOS),MN,45.95,-94.35
726579,FLYING CLOUD,MN,44.817,-93.45
726580,MINNEAPOLIS-ST PAUL INT'L ARP,MN,44.883,-93.233
726583,LITCHFIELD MUNI,MN,45.1,-94.5
726584,ST PAUL DOWNTOWN AP,MN,44.933,-93.05
726585,MANKATO(AWOS),MN,44.217,-93.917
726586,FAIRMONT MUNI(AWOS),MN,43.65,-94.417
726587,WORTHINGTON (AWOS),MN,43.65,-95.583
726588,WINONA MUNI (AWOS),MN,44.083,-91.7
726589,ALBERT LEA (AWOS),MN,43.683,-93.367
726590,ABERDEEN REGIONAL ARPT,SD,45.45,-98.417
726593,JACKSON MUNI,MN,43.65,-94.983
726596,DODGE CENTER AIRPOR,MN,44.017,-92.817
726603,SOUTH ST PAUL MUNI,MN,44.85,-93.15
726620,RAPID CITY REGIONAL ARPT,SD,44.05,-103.05
726625,ELLSWORTH AFB,SD,44.15,-103.1
726626,ANTIGO\LANG(AWOS),WI,45.15,-87.15
726650,GILLETTE/GILLETTE-C,WY,44.35,-105.533
726654,JOHNSON CO ARPT,WY,44.383,-106.717
726660,SHERIDAN COUNTY ARPT,WY,44.767,-106.967
726665,WORLAND MUNICIPAL,WY,43.967,-107.95
726667,SOUTH BIG HORN CO,WY,44.517,-108.083
726676,GLENDIVE(AWOS),MT,47.133,-104.8
726679,RUSH CITY RGNL ARPT,MN,45.683,-92.95
726682,PRINCETON MUNI,MN,45.55,-93.6
726685,MOBRIDGE,SD,45.533,-100.433
726686,PIERRE MUNICIPAL AP,SD,44.383,-100.283
726700,CODY MUNI (AWOS),WY,44.517,-109.017
726710,BIG PINEY (AMOS),WY,42.567,-110.1
726770,BILLINGS LOGAN INT'L ARPT,MT,45.8,-108.55
726776,LEWISTOWN MUNICIPAL ARPT,MT,47.05,-109.45
726777,BAKER MUNI ARPT,MT,46.333,-104.25
726785,BUTTE BERT MOONEY ARPT,MT,45.95,-112.5
726796,DILLON AIRPORT [UO],MT,45.21,-112.64
726797,BOZEMAN GALLATIN FIELD,MT,45.8,-111.15
726798,LIVINGSTON MISSION FIELD,MT,45.7,-110.45
726810,BOISE AIR TERMINAL [UO],ID,43.62,-116.21
726813,CALDWELL (AWOS),ID,43.633,-116.633
726815,MOUNTAIN HOME AFB,ID,43.05,-115.867
726816,JEROME,ID,42.733,-114.45
726817,MULLAN PASS,ID,47.45,-115.667
726818,REXBURG,ID,43.833,-111.8
726830,BURNS MUNICIPAL ARPT [UO],OR,43.52,-119.02
726835,REDMOND ROBERTS FIELD,OR,44.25,-121.167
726836,SCAPPOOSE INDUSTRIA,OR,45.767,-122.85
726837,ONTARIO MUNICIPAL AP,OR,44.017,-117.017
726865,SALMON/LEMHI (AWOS),ID,45.117,-113.883
726866,SALMON,ID,45.183,-113.9
726873,GRANGEVILLE,ID,45.95,-116.133
726880,PENDLETON E OR REGIONAL AP,OR,45.7,-118.833
726881,MC MINNVILLE MUNI,OR,45.183,-123.133
726883,HERMISTN MUNI ARPT [UO],OR,45.82,-119.28
726884,LA GRANDE MUNI AP,OR,45.283,-118
726885,MEACHAM,OR,45.517,-118.417
726886,BAKER MUNICIPAL AP,OR,44.833,-117.817
726904,ROSEBURG REGIONAL AP,OR,43.233,-123.35
726917,NORTH BEND MUNI AIRPORT,OR,43.417,-124.25
726930,EUGENE MAHLON SWEET ARPT [UO],OR,44.05,-123.07
726940,SALEM MCNARY FIELD,OR,44.9,-123
726945,CORVALLIS MUNI,OR,44.483,-123.283
726959,AURORA STATE,OR,45.25,-122.767
726980,PORTLAND INTERNATIONAL AP,OR,45.6,-122.617
726985,PORTLAND/TROUTDALE,OR,45.55,-122.4
726986,PORTLAND/HILLSBORO,OR,45.533,-122.95
726988,THE DALLES MUNICIPAL ARPT,WA,45.617,-121.15
727033,HOULTON INTL ARPT,ME,46.117,-67.8
727120,CARIBOU MUNICIPAL ARPT,ME,46.867,-68.033
727125,LORING AFB/LIMESTON,ME,46.95,-67.883
727130,PRESQUE ISLE MUNICIP,ME,46.683,-68.05
727135,WISCASSET,ME,43.967,-69.717
727340,SAULT STE MARIE SANDERSON FIE,MI,46.467,-84.35
727344,CHIPPEWA CO INTL,MI,46.25,-84.467
727347,PELLSTON EMMET COUNTY AP,MI,45.567,-84.783
727415,RHINELANDER ONEIDA,WI,45.633,-89.467
727430,MARQUETTE COUNTY ARPT,MI,46.533,-87.55
727434,CHARLEVOIX,MI,45.3,-85.267
727437,IRON MOUNTAIN/FORD,MI,45.817,-88.117
727440,HANCOCK HOUGHTON CO AP,MI,47.167,-88.5
727444,TWO HARBORS,MN,47.05,-91.75
727445,IRONWOOD (AWOS),MI,46.533,-90.133
727449,MOOSE LAKE CO ARPT,MN,46.417,-92.8
727450,DULUTH INTERNATIONAL ARPT,MN,46.833,-92.217
727452,CROOKSTON MUNI FLD,MN,47.85,-96.617
727453,PARK RAPIDS MUNICIPAL AP,MN,46.9,-95.067
727454,GRAND MARAIS MUNI,MN,47.833,-90.383
727455,HIBBING CHISHOLM-HIBBING AP,MN,47.383,-92.85
727456,DULUTH HARBOR (CGS),MN,46.767,-92.083
727457,DETROIT LAKES(AWOS),MN,46.833,-95.883
727458,GRAND RAPIDS(AWOS),MN,47.217,-93.517
727459,ELY MUNI,MN,47.817,-91.833
727466,MADISON,MN,44.983,-96.183
727467,FLAG ISLAND,MN,49.317,-94.9
727468,BIGFORK,MN,47.783,-93.65
727470,INTERNATIONAL FALLS INTL AP,MN,48.567,-93.4
727473,CRANE LAKE (AWOS),MN,46.267,-92.567
727474,EVELETH MUNI (AWOS),MN,47.4,-92.5
727475,MORA MUNI (AWOS),MN,45.883,-93.267
727476,BAUDETTE INTERNATIONAL AP,MN,48.717,-94.6
727477,ROSEAU MUNI (AWOS),MN,48.85,-95.7
727478,HALLOCK,MN,48.783,-96.95
727486,WASKISH MUNI AIRPT,MN,48.15,-94.517
727497,LONGVILLE MUNI AIRP,MN,46.983,-94.2
727503,CAMBRIDGE MUNI,MN,45.567,-93.267
727504,AITKIN NDB(AWOS),MN,46.55,-93.683
727505,FOSSTON(AWOS),MN,47.583,-95.767
727506,WINDOM,MN,43.917,-95.117
727507,BENSON MUNI,MN,45.317,-95.65
727508,PINE RIVER,MN,46.717,-94.383
727514,STAPLES,MN,46.383,-94.8
727515,ORTONVILLE,MN,45.3,-96.417
727530,FARGO HECTOR INTERNATIONAL AP,ND,46.933,-96.817
727533,WHEATON NDB (AWOS),MN,45.7,-96.5
727535,JAMESTOWN MUNICIPAL ARPT,ND,46.917,-98.683
727550,BEMIDJI MUNICIPAL,MN,47.5,-94.933
727555,THIEF RIVER(AWOS),MN,48.067,-96.183
727556,SILVER BAY,MN,47.2,-91.4
727564,WARROAD(AWOS),MN,48.933,-95.333
727566,AUSTIN MUNI,MN,43.667,-92.933
727573,DEVILS LAKE(AWOS),ND,48.117,-98.917
727575,GRAND FORKS AF,ND,47.967,-97.4
727576,GRAND FORKS INTERNATIONAL AP,ND,47.95,-97.183
727584,HETTINGER,ND,46.017,-102.65
727640,BISMARCK MUNICIPAL ARPT [ISIS],ND,46.77,-100.77
727645,DICKINSON MUNICIPAL AP,ND,46.8,-102.8
727670,WILLISTON SLOULIN INTL AP,ND,48.2,-103.65
727675,MINOT AFB,ND,48.417,-101.35
727676,MINOT FAA AP,ND,48.267,-101.283
727680,GLASGOW INTL ARPT,MT,48.217,-106.617
727686,WOLF POINT INTL [FORT PECK - SURFRAD],MT,48.31,-105.1
727687,SIDNEY-RICHLAND,MT,47.7,-104.2
727720,HELENA REGIONAL AIRPORT,MT,46.6,-111.967
727730,MISSOULA INTERNATIONAL AP,MT,46.917,-114.1
727735,DRUMMOND,MT,46.633,-113.183
727750,GREAT FALLS INTL ARPT,MT,47.467,-111.383
727755,MALMSTROM AFB,MT,47.517,-111.183
727770,HAVRE CITY-COUNTY AP,MT,48.55,-109.767
727790,KALISPELL GLACIER PK INT'L AR,MT,48.317,-114.25
727796,CUT BANK MUNI AP,MT,48.6,-112.367
727810,YAKIMA AIR TERMINAL,WA,46.567,-120.55
727815,STAMPEDE PASS,WA,47.283,-121.333
727825,WENATCHEE/PANGBORN,WA,47.4,-120.2
727826,EPHRATA AP FCWOS,WA,47.3,-119.517
727827,MOSES LAKE GRANT COUNTY AP,WA,47.2,-119.317
727830,LEWISTON NEZ PERCE CNTY AP,ID,46.367,-117.017
727834,COEUR D`ALENE(AWOS),ID,47.767,-116.817
727836,MULLAN (AWRS),ID,47.467,-115.8
727840,HANFORD,WA,46.567,-119.6
727845,PASCO,WA,46.267,-119.117
727846,WALLA WALLA CITY COUNTY AP,WA,46.1,-118.283
727850,SPOKANE INTERNATIONAL AP [CHENEY - UO],WA,47.49,-117.589
727854,DEER PARK ARPT,WA,47.967,-117.417
727855,FAIRCHILD AFB,WA,47.633,-117.65
727856,FELTS FLD,WA,47.683,-117.317
727857,PULLMAN/MOSCOW RGNL,WA,46.75,-117.117
727883,ELLENSBURG/BOWERS FIELD,WA,47.033,-120.517
727885,WILLIAM R FAIRCHILD,WA,48.117,-123.5
727890,OMAK,WA,48.417,-119.533
727910,ASTORIA REGIONAL AIRPORT,OR,46.15,-123.883
727918,PEARSON FLD,OR,45.617,-122.65
727920,OLYMPIA AIRPORT,WA,46.967,-122.9
727923,HOQUIAM AP,WA,46.983,-123.933
727924,KELSO WB AP,WA,46.133,-122.9
727925,SHELTON/SANDERSON,WA,47.233,-123.15
727926,TOLEDO-WINLOCK MEM,WA,46.483,-122.8
727928,BREMERTON NATIONAL,WA,47.483,-122.75
727930,SEATTLE SEATTLE-TACOMA INTL A,WA,47.467,-122.317
727934,RENTON MUNI,WA,47.483,-122.217
727935,SEATTLE BOEING FIELD [ISIS],WA,47.68,-122.25
727937,SNOHOMISH CO,WA,47.9,-122.283
727938,TACOMA NARROWS,WA,47.267,-122.583
727945,ARLINGTON MUNI,WA,48.167,-122.167
727964,OAK HARBOR AIRPARK,WA,48.25,-122.667
727970,QUILLAYUTE STATE AIRPORT,WA,47.933,-124.567
727976,BELLINGHAM INTL AP,WA,48.8,-122.533
727985,FRIDAY HARBOR,WA,48.517,-123.017
742060,TACOMA MCCHORD AFB,WA,47.15,-122.483
742070,GRAY AAF,WA,47.083,-122.583
742300,MILES CITY MUNICIPAL ARPT,MT,46.433,-105.883
742513,DURANT,OK,33.95,-96.4
743312,DE QUEEN,AR,34.05,-94.4
743700,FORT DRUM/WHEELER-S,NY,44.05,-75.717
743920,NAVAL AIR STATION,ME,43.9,-69.933
743945,MANCHESTER AIRPORT,NH,42.933,-71.433
744104,PITTSFIELD MUNI,MA,42.417,-73.283
744652,HARRISBURG,IL,37.817,-88.55
744653,SPARTA,IL,38.15,-89.7
744655,AURORA MUNICIPAL,IL,41.767,-88.467
744656,FAIRFIELD,IL,38.417,-88.417
744657,CENTRALIA,IL,38.517,-89.1
744658,FLORA,IL,38.667,-88.45
744659,OLNEY-NOBLE,IL,38.717,-88.183
744661,EFFINGHAM,IL,39.067,-88.533
744662,TAYLORSVILLE,IL,39.533,-89.333
744663,PITTSFIELD,IL,39.633,-90.783
744665,CHICAGO/PALWAUKEE,IL,42.117,-87.9
744666,JACKSONVILLE,IL,39.767,-90.233
744672,LINCOLN,IL,40.15,-89.333
744860,NEW YORK J F KENNEDY INT'L AR,NY,40.65,-73.8
744864,REPUBLIC,NY,40.717,-73.417
744865,WESTHAMPTON GABRESKI AP,NY,40.85,-72.633
744904,LAWRENCE MUNI,MA,42.717,-71.117
744910,CHICOPEE FALLS WESTO,MA,42.2,-72.533
744915,WESTFIELD BARNES MUNI AP,MA,42.15,-72.717
744989,DUNKIRK,NY,42.5,-79.283
745046,MADERA,CA,36.983,-120.117
745048,OROVILLE,CA,39.5,-121.617
745056,RAMONA,CA,33.033,-116.917
745058,WATSONVILLE,CA,36.933,-121.783
745060,ALAMEDA NAS,CA,37.733,-122.317
745090,MOUNTAIN VIEW MOFFETT FLD NAS,CA,37.4,-122.05
745160,TRAVIS FIELD AFB,CA,38.267,-121.933
745310,USAF ACADEMY AF,CO,38.967,-104.817
745700,DAYTON WRIGHT PATTERSON AFB,OH,39.833,-84.05
745940,ANDREWS AFB,MD,38.817,-76.867
745946,OCEAN CITY MUNI APT,MD,38.317,-75.117
745966,CAPE MAY CO,NJ,39,-74.917
745980,LANGLEY AFB,VA,37.083,-76.35
745985,MARTINSVILLE,VA,36.633,-80.017
746110,BICYCLE LAKE (AAF),CA,35.283,-116.617
746120,CHINA LAKE NAF,CA,35.683,-117.683
746710,FORT CAMPBELL AAF,KY,36.667,-87.483
746716,BOWLING GREEN WARREN CO AP,KY,36.983,-86.433
746925,WARREN FIELD ARPT,NC,35.567,-77.05
746929,DUPLIN CO ARPT,NC,35.567,-77.967
746930,FORT BRAGG SIMMONS AAF,NC,35.133,-78.933
746935,ASHEBORO MUNI,NC,35.65,-79.883
746936,ERWIN/HARNETT ARPT,NC,35.367,-78.733
746939,CHAPEL HILL/WILLIAM,NC,35.767,-79.05
746940,GOLDSBORO/WAYNE,NC,35.467,-77.967
746943,ELIZABETH CITY COAST GUARD AI [NREL],NC,36.3,-76.25
747020,LEMOORE REEVES NAS,CA,36.333,-119.95
747040,EL MONTE EMSU,CA,34.083,-118.033
747185,IMPERIAL,CA,32.833,-115.583
747187,PALM SPRINGS THERMAL AP,CA,33.633,-116.167
747188,BLYTHE RIVERSIDE CO ARPT,CA,33.617,-114.717
747240,GILA BEND AIRPORT,AZ,32.883,-112.717
747320,HOLLOMAN AFB,NM,32.85,-106.1
747400,JUNCTION KIMBLE COUNTY AP,TX,30.517,-99.767
747540,ENGLAND AFB,LA,31.317,-92.55
747685,GULFPORT BILOXI INT,MS,30.4,-89.067
747686,KEESLER AFB,MS,30.417,-88.917
747688,PASCAGOULA,MS,30.467,-88.533
747750,TYNDALL AFB,FL,30.067,-85.583
747760,MARIANNA,FL,30.533,-85.183
747770,VALPARAISO HURLBURT,FL,30.417,-86.683
747804,HUNTER AAF,GA,32,-81.15
747805,STATESBORO,GA,32.482,-81.733
747806,THOMASTON,GA,32.95,-84.267
747807,LA GRANGE,GA,33.017,-85.067
747808,LAWRENCEVILLE,GA,33.983,-83.967
747809,WINDER,GA,33.983,-83.667
747810,MOODY AFB/VALDOSTA,GA,30.967,-83.2
747880,MACDILL AFB,FL,27.85,-82.517
747900,SUMTER SHAW AFB,SC,33.967,-80.467
747910,MYRTLE BEACH AFB,SC,33.683,-78.933
747915,NORTH MYRTLE BEACH GRAND STRA,SC,33.817,-78.717
747930,WINTERHAVEN,FL,28.05,-81.75
747946,NASA SHUTTLE FCLTY,FL,28.617,-80.717
747950,COCOA BEACH PATRICK AFB,FL,28.233,-80.6
747960,AVON PARK GUNNERY RANGE,FL,27.65,-81.333
785140,AQUADILLA/BORINQUEN,PR,18.5,-67.133
785145,EUGENIO MARIA DE HO,PR,18.25,-67.15
785203,MERCEDITA,PR,18,-66.55
785260,SAN JUAN INTL ARPT,PR,18.417,-66
785263,SAN JUAN L M MARIN INTL AP,PR,18.433,-66
785350,ROOSEVELT ROADS,PR,18.25,-65.633
785430,CHARLOTTE AMALIE HARRY S TRUM,VI,18.35,-64.967
910660,MIDWAY ISLAND NAS,HI,28.2,-177.383
911650,LIHUE AIRPORT,HI,21.983,-159.333
911700,WHEELER AFB 810.1,HI,21.483,-158.033
911760,KANEOHE BAY MCAS,HI,21.45,-157.783
911780,BARBERS POINT NAS,HI,21.317,-158.067
911820,HONOLULU INTL ARPT,HI,21.317,-157.933
911860,MOLOKAI (AMOS),HI,21.15,-157.1
911900,KAHULUI AIRPORT,HI,20.9,-156.433
911904,KAPALUA,HI,20.95,-156.633
911905,LANAI,HI,20.783,-156.95
911975,KONA INTL AT KEAHOL,HI,19.733,-156.05
911977,BRADSHAW AAF,HI,19.75,-155.55
912120,GUAM WFO,GU,13.483,144.8
912170,GUAM MARIANA IS,GU,13.55,144.833
912180,ANDERSEN AFB,GU,13.567,144.917
912850,HILO INTERNATIONAL AP,HI,19.717,-155.05